entity_id,entity_type,schema_version,food_id,name,name_en,group_name,group,portion_g,portion_basis,energy_kcal,protein_g,carbs_g,fat_g,fiber_g,calculated_kcal_from_macros,kcal_gap_pct,quality_score,missing_nutrients_count,meal_suggestion,provenance,source_code,updated_at
food_10001,food,v1,10001,Sữa bò tươi,"Milk cow, fresh (Fluid)",Sữa và sản phẩm chế biến,Sữa và sản phẩm chế biến,100,per_100g,74.0,3.9,4.8,4.4,,74.4,0.54,0.84,8,General,Viện Dinh dưỡng Quốc gia,10001,2026-02-11T19:10:06Z
food_10002,food,v1,10002,Sữa dê tươi,Milk goat's whole,Sữa và sản phẩm chế biến,Sữa và sản phẩm chế biến,100,per_100g,69.0,3.5,4.5,4.1,,68.9,0.14,0.84,8,General,Viện Dinh dưỡng Quốc gia,10002,2026-02-11T19:10:06Z
food_10003,food,v1,10003,Sữa mẹ (sữa người),"Breast milk (Milk human, fluid, whole).",Sữa và sản phẩm chế biến,Sữa và sản phẩm chế biến,100,per_100g,61.0,1.5,7.0,3.0,,61.0,0.0,0.84,8,General,Viện Dinh dưỡng Quốc gia,10003,2026-02-11T19:10:06Z
food_10004,food,v1,10004,Sữa chua,Yogurt,Sữa và sản phẩm chế biến,Sữa và sản phẩm chế biến,100,per_100g,61.0,3.3,3.6,3.7,,60.9,0.16,0.84,8,General,Viện Dinh dưỡng Quốc gia,10004,2026-02-11T19:10:06Z
food_10005,food,v1,10005,Sữa chua vớt béo,Yogurt (Skimmed milk),Sữa và sản phẩm chế biến,Sữa và sản phẩm chế biến,100,per_100g,26.0,3.4,3.1,,,26.0,0.0,0.69,8,General,Viện Dinh dưỡng Quốc gia,10005,2026-02-11T19:10:06Z
food_10006,food,v1,10006,Sữa bột toàn phần,"Milk, dried, whole powder",Sữa và sản phẩm chế biến,Sữa và sản phẩm chế biến,100,per_100g,494.0,27.0,38.0,26.0,,494.0,0.0,0.84,8,General,Viện Dinh dưỡng Quốc gia,10006,2026-02-11T19:10:06Z
food_10007,food,v1,10007,Sữa bột tách béo,Skimmed milk powder,Sữa và sản phẩm chế biến,Sữa và sản phẩm chế biến,100,per_100g,357.0,35.0,52.0,1.0,,357.0,0.0,0.84,8,General,Viện Dinh dưỡng Quốc gia,10007,2026-02-11T19:10:06Z
food_10008,food,v1,10008,Sữa đặc có đường Việt Nam,Milk condensed sweetened,Sữa và sản phẩm chế biến,Sữa và sản phẩm chế biến,100,per_100g,336.0,8.1,56.0,8.8,,335.6,0.12,0.84,8,General,Viện Dinh dưỡng Quốc gia,10008,2026-02-11T19:10:06Z
food_10009,food,v1,10009,Phó mát,Cheese (type whole fat),Sữa và sản phẩm chế biến,Sữa và sản phẩm chế biến,100,per_100g,380.0,25.5,,30.9,,380.1,0.03,0.69,8,General,Viện Dinh dưỡng Quốc gia,10009,2026-02-11T19:10:06Z
food_1001,food,v1,1001,"Gạo, trắng, nếp cái, sống","Rice, white, glutinous, raw",Ngũ cốc và sản phẩm chế biến,Ngũ cốc và sản phẩm chế biến,100,per_100g,348.0,8.6,75.1,1.5,,348.3,0.09,0.84,8,General,Viện Dinh dưỡng Quốc gia,1001,2026-02-11T19:10:06Z
food_10015,food,v1,10015,"Sữa, bò, tiệt trùng, có đường, toàn phần, trắng ","Milk, cow, steralized, with sugar, whole, white",Sữa và sản phẩm chế biến,Sữa và sản phẩm chế biến,100,per_100g,85.0,3.9,7.34,4.4,,84.56,0.52,0.86,7,General,Viện Dinh dưỡng Quốc gia,10015,2026-02-11T19:10:06Z
food_1002,food,v1,1002,"Gạo, trắng, nếp thường, sống","Rice, white, glutinous, raw",Ngũ cốc và sản phẩm chế biến,Ngũ cốc và sản phẩm chế biến,100,per_100g,350.0,8.4,75.4,1.6,,349.6,0.11,0.84,8,General,Viện Dinh dưỡng Quốc gia,1002,2026-02-11T19:10:06Z
food_1003,food,v1,1003,"Gạo, trắng, tẻ, giã tay, sống","Rice, white, home-milled, raw",Ngũ cốc và sản phẩm chế biến,Ngũ cốc và sản phẩm chế biến,100,per_100g,347.0,8.1,75.7,1.3,,346.9,0.03,0.84,8,General,Viện Dinh dưỡng Quốc gia,1003,2026-02-11T19:10:06Z
food_10031,food,v1,10031,"Sữa chua, nước/uống, có đường","Yougurt, drink/liquid, with sugar, whole, white",Sữa và sản phẩm chế biến,Sữa và sản phẩm chế biến,100,per_100g,62.0,3.47,4.66,3.25,,61.77,0.37,0.86,7,General,Viện Dinh dưỡng Quốc gia,10031,2026-02-11T19:10:06Z
food_10035,food,v1,10035,"Sữa chua, đặc, có đường","Yougurt, thick, with sugar, whole, white",Sữa và sản phẩm chế biến,Sữa và sản phẩm chế biến,100,per_100g,65.0,3.3,4.66,3.7,,65.14,0.22,0.86,7,General,Viện Dinh dưỡng Quốc gia,10035,2026-02-11T19:10:06Z
food_10036,food,v1,10036,"Sữa chua, đặc, không đường","Yogurt, thick, without sugar, whole, white",Sữa và sản phẩm chế biến,Sữa và sản phẩm chế biến,100,per_100g,61.0,3.3,3.6,3.7,,60.9,0.16,0.86,7,General,Viện Dinh dưỡng Quốc gia,10036,2026-02-11T19:10:09Z
food_1004,food,v1,1004,"Gạo, trắng, tẻ, xát máy, sống","Rice, white, polished, raw",Ngũ cốc và sản phẩm chế biến,Ngũ cốc và sản phẩm chế biến,100,per_100g,346.0,7.9,76.3,1.0,,345.8,0.06,0.84,8,General,Viện Dinh dưỡng Quốc gia,1004,2026-02-11T19:10:09Z
food_10047,food,v1,10047,"Sữa đặc có đường, Việt Nam",Milk condensed sweetened,Sữa và sản phẩm chế biến,Sữa và sản phẩm chế biến,100,per_100g,328.0,7.91,54.4,8.7,,327.54,0.14,0.86,7,General,Viện Dinh dưỡng Quốc gia,10047,2026-02-11T19:10:09Z
food_10048,food,v1,10048,Sữa hộp Milo,Chocolate drink packaged ,Sữa và sản phẩm chế biến,Sữa và sản phẩm chế biến,100,per_100g,55.0,0.92,11.54,0.55,,54.79,0.38,0.84,8,General,Viện Dinh dưỡng Quốc gia,10048,2026-02-11T19:10:09Z
food_1005,food,v1,1005,"Gạo, tẻ, chưa xát (gạo lứt), sống","Rice, brown, raw",Ngũ cốc và sản phẩm chế biến,Ngũ cốc và sản phẩm chế biến,100,per_100g,359.0,7.5,76.18,2.68,,358.84,0.04,0.84,8,General,Viện Dinh dưỡng Quốc gia,1005,2026-02-11T19:10:09Z
food_1006,food,v1,1006,"Kê, hạt, sống","Millet, raw",Ngũ cốc và sản phẩm chế biến,Ngũ cốc và sản phẩm chế biến,100,per_100g,345.0,7.0,72.4,3.0,,344.6,0.12,0.84,8,General,Viện Dinh dưỡng Quốc gia,1006,2026-02-11T19:10:09Z
food_1007,food,v1,1007,"Ngô, cả bắp, tươi","Corn, whole corb, fresh",Ngũ cốc và sản phẩm chế biến,Ngũ cốc và sản phẩm chế biến,100,per_100g,200.0,4.1,40.8,2.3,,200.3,0.15,0.84,8,General,Viện Dinh dưỡng Quốc gia,1007,2026-02-11T19:10:09Z
food_1007014,food,v1,1007014,"Ngô tươi, tẻ, nướng","Corn fresh, glutinous, grilled ",Ngũ cốc và sản phẩm chế biến,Ngũ cốc và sản phẩm chế biến,100,per_100g,274.0,5.62,55.89,3.15,,274.39,0.14,0.84,8,General,Viện Dinh dưỡng Quốc gia,1007014,2026-02-11T19:10:09Z
food_1008,food,v1,1008,"Ngô, vàng, hạt, khô","Corn, yellow, seed, dried",Ngũ cốc và sản phẩm chế biến,Ngũ cốc và sản phẩm chế biến,100,per_100g,362.0,8.6,71.4,4.7,,362.3,0.08,0.84,8,General,Viện Dinh dưỡng Quốc gia,1008,2026-02-11T19:10:09Z
food_1009,food,v1,1009,"Bánh bao, nhân thịt","Dumpling, with pork",Ngũ cốc và sản phẩm chế biến,Ngũ cốc và sản phẩm chế biến,100,per_100g,276.0,10.4,34.2,10.8,,275.6,0.14,0.84,8,General,Viện Dinh dưỡng Quốc gia,1009,2026-02-11T19:10:09Z
food_1010,food,v1,1010,Bánh đa nem,"Vietnamese rice paper, raw",Ngũ cốc và sản phẩm chế biến,Ngũ cốc và sản phẩm chế biến,100,per_100g,335.0,4.0,79.4,0.2,,335.4,0.12,0.84,8,General,Viện Dinh dưỡng Quốc gia,1010,2026-02-11T19:10:09Z
food_1011,food,v1,1011,Bánh đúc,"Rice cake made of rice flour, and lime water, cooked",Ngũ cốc và sản phẩm chế biến,Ngũ cốc và sản phẩm chế biến,100,per_100g,52.0,0.9,11.4,0.3,,51.9,0.19,0.84,8,General,Viện Dinh dưỡng Quốc gia,1011,2026-02-11T19:10:09Z
food_1012,food,v1,1012,Bánh mỳ ,"Bread, French style",Ngũ cốc và sản phẩm chế biến,Ngũ cốc và sản phẩm chế biến,100,per_100g,250.0,7.9,52.8,0.8,,250.0,0.0,0.84,8,General,Viện Dinh dưỡng Quốc gia,1012,2026-02-11T19:10:09Z
food_1013,food,v1,1013,Bánh phở,"Rice noodles, raw",Ngũ cốc và sản phẩm chế biến,Ngũ cốc và sản phẩm chế biến,100,per_100g,146.0,3.2,31.2,0.9,,145.7,0.21,0.84,8,General,Viện Dinh dưỡng Quốc gia,1013,2026-02-11T19:10:09Z
food_1014,food,v1,1014,Bánh quẩy,"Fried breadstick, Youtiao",Ngũ cốc và sản phẩm chế biến,Ngũ cốc và sản phẩm chế biến,100,per_100g,200.0,3.7,30.8,6.8,,199.2,0.4,0.84,8,General,Viện Dinh dưỡng Quốc gia,1014,2026-02-11T19:10:09Z
food_1015,food,v1,1015,Bỏng ngô,Corn flakes,Ngũ cốc và sản phẩm chế biến,Ngũ cốc và sản phẩm chế biến,100,per_100g,386.0,8.6,84.2,1.6,,385.6,0.1,0.84,8,General,Viện Dinh dưỡng Quốc gia,1015,2026-02-11T19:10:11Z
food_1016,food,v1,1016,"Bột gạo, gạo nếp thường","Rice flour, glutinous",Ngũ cốc và sản phẩm chế biến,Ngũ cốc và sản phẩm chế biến,100,per_100g,365.0,8.2,79.4,1.6,,364.8,0.05,0.84,8,General,Viện Dinh dưỡng Quốc gia,1016,2026-02-11T19:10:11Z
food_1017,food,v1,1017,"Bột gạo, gạo tẻ","Rice flour, white",Ngũ cốc và sản phẩm chế biến,Ngũ cốc và sản phẩm chế biến,100,per_100g,360.0,6.6,82.6,0.4,,360.4,0.11,0.84,8,General,Viện Dinh dưỡng Quốc gia,1017,2026-02-11T19:10:11Z
food_1018,food,v1,1018,"Bột mì, trắng ","Wheat flour, white",Ngũ cốc và sản phẩm chế biến,Ngũ cốc và sản phẩm chế biến,100,per_100g,347.0,11.0,73.2,1.1,,346.7,0.09,0.84,8,General,Viện Dinh dưỡng Quốc gia,1018,2026-02-11T19:10:11Z
food_1019,food,v1,1019,"Bột ngô, ngô vàng","Maize flour, yellow",Ngũ cốc và sản phẩm chế biến,Ngũ cốc và sản phẩm chế biến,100,per_100g,367.0,8.3,74.5,4.0,,367.2,0.05,0.84,8,General,Viện Dinh dưỡng Quốc gia,1019,2026-02-11T19:10:11Z
food_1020,food,v1,1020,"Bún, tươi","Rice vermicelli, soft noodles, fresh",Ngũ cốc và sản phẩm chế biến,Ngũ cốc và sản phẩm chế biến,100,per_100g,116.0,1.7,25.3,0.9,,116.1,0.09,0.84,8,General,Viện Dinh dưỡng Quốc gia,1020,2026-02-11T19:10:11Z
food_1021,food,v1,1021,"Cốm, tươi","Rice, unriped, raw",Ngũ cốc và sản phẩm chế biến,Ngũ cốc và sản phẩm chế biến,100,per_100g,307.0,4.4,68.3,1.7,,306.1,0.29,0.84,8,General,Viện Dinh dưỡng Quốc gia,1021,2026-02-11T19:10:11Z
food_1022,food,v1,1022,"Mỳ sợi, khô","Wheat noodle, dried",Ngũ cốc và sản phẩm chế biến,Ngũ cốc và sản phẩm chế biến,100,per_100g,350.0,11.0,74.5,0.9,,350.1,0.03,0.84,8,General,Viện Dinh dưỡng Quốc gia,1022,2026-02-11T19:10:11Z
food_1023,food,v1,1023,"Ngô, cả bắp, nếp, luộc","Corn, whole corb, boiled",Ngũ cốc và sản phẩm chế biến,Ngũ cốc và sản phẩm chế biến,100,per_100g,172.0,3.9,34.1,2.2,,171.8,0.12,0.84,8,General,Viện Dinh dưỡng Quốc gia,1023,2026-02-11T19:10:11Z
food_1024002,food,v1,1024002,Xôi nếp cẩm,"Rice glutinous (cooked), purple, boiled",Ngũ cốc và sản phẩm chế biến,Ngũ cốc và sản phẩm chế biến,100,per_100g,235.0,5.59,49.21,1.71,,234.59,0.17,0.84,8,General,Viện Dinh dưỡng Quốc gia,1024002,2026-02-11T19:10:11Z
food_1027014,food,v1,1027014,"Ngô tươi, nếp, nướng","Corn fresh, regular, grilled",Ngũ cốc và sản phẩm chế biến,Ngũ cốc và sản phẩm chế biến,100,per_100g,274.0,5.62,55.89,3.15,,274.39,0.14,0.84,8,General,Viện Dinh dưỡng Quốc gia,1027014,2026-02-11T19:10:11Z
food_1032,food,v1,1032,"Bánh mì, vuông, ngọt","Bread, square/sandwich type, sweet",Ngũ cốc và sản phẩm chế biến,Ngũ cốc và sản phẩm chế biến,100,per_100g,384.0,7.89,52.63,15.79,,384.19,0.05,0.86,7,General,Viện Dinh dưỡng Quốc gia,1032,2026-02-11T19:10:11Z
food_1038,food,v1,1038,Bánh bao chay,"Dumplings, no filled",Ngũ cốc và sản phẩm chế biến,Ngũ cốc và sản phẩm chế biến,100,per_100g,221.0,6.1,48.0,0.5,,220.9,0.05,0.84,8,General,Viện Dinh dưỡng Quốc gia,1038,2026-02-11T19:10:11Z
food_1041,food,v1,1041,"Bánh đa (đỏ, trắng)","Vietnamese style rice noodles (flat), raw",Ngũ cốc và sản phẩm chế biến,Ngũ cốc và sản phẩm chế biến,100,per_100g,347.0,5.28,81.41,,,346.76,0.07,0.69,8,General,Viện Dinh dưỡng Quốc gia,1041,2026-02-11T19:10:11Z
food_1041002,food,v1,1041002,"Bánh đa (đỏ, trắng), luộc","Vietnamese style rice noodles (flat), boiled",Ngũ cốc và sản phẩm chế biến,Ngũ cốc và sản phẩm chế biến,100,per_100g,97.0,1.48,22.8,,,97.12,0.12,0.69,8,General,Viện Dinh dưỡng Quốc gia,1041002,2026-02-11T19:10:11Z
food_1043,food,v1,1043,"Mỳ  ăn liền, lúa mì ","Instant noodle, wheat, uncooked",Ngũ cốc và sản phẩm chế biến,Ngũ cốc và sản phẩm chế biến,100,per_100g,364.0,6.7,70.9,5.9,,363.5,0.14,0.84,8,General,Viện Dinh dưỡng Quốc gia,1043,2026-02-11T19:10:14Z
food_1043002,food,v1,1043002,"Mỳ ăn liền, lúa mì, luộc","Instant noodle, wheat, boiled",Ngũ cốc và sản phẩm chế biến,Ngũ cốc và sản phẩm chế biến,100,per_100g,102.0,1.88,19.86,1.65,,101.81,0.19,0.84,8,General,Viện Dinh dưỡng Quốc gia,1043002,2026-02-11T19:10:14Z
food_1045,food,v1,1045,Sợi mỳ Quảng,,Ngũ cốc và sản phẩm chế biến,Ngũ cốc và sản phẩm chế biến,100,per_100g,1.0,5.32,82.23,0.27,,352.63,35163.0,0.69,8,General,Viện Dinh dưỡng Quốc gia,1045,2026-02-11T19:10:14Z
food_1046002,food,v1,1046002,"Nui, luộc","Macaroni, boiled",Ngũ cốc và sản phẩm chế biến,Ngũ cốc và sản phẩm chế biến,100,per_100g,371.0,13.0,74.7,1.51,,364.39,1.78,0.84,8,General,Viện Dinh dưỡng Quốc gia,1046002,2026-02-11T19:10:14Z
food_11001,food,v1,11001,Chuối nước đường,"Banana, canned sweetened",Đồ hộp,Đồ hộp,100,per_100g,63.0,0.5,15.2,,,62.8,0.32,0.69,8,General,Viện Dinh dưỡng Quốc gia,11001,2026-02-11T19:10:14Z
food_11002,food,v1,11002,Dưa chuột hộp,Cucumber (canned),Đồ hộp,Đồ hộp,100,per_100g,19.0,0.3,4.16,0.14,,19.1,0.53,0.84,8,General,Viện Dinh dưỡng Quốc gia,11002,2026-02-11T19:10:14Z
food_11003,food,v1,11003,Dứa hộp,"Pineapple, canned sweetened",Đồ hộp,Đồ hộp,100,per_100g,57.0,0.3,13.84,0.06,,57.1,0.18,0.84,8,General,Viện Dinh dưỡng Quốc gia,11003,2026-02-11T19:10:14Z
food_11004,food,v1,11004,Lạc chao dầu,"Peanut, oil fried",Đồ hộp,Đồ hộp,100,per_100g,680.0,25.7,10.3,59.5,,679.5,0.07,0.84,8,General,Viện Dinh dưỡng Quốc gia,11004,2026-02-11T19:10:14Z
food_11005,food,v1,11005,Mắc coọc nước đường,Pyrus pachis in syrup,Đồ hộp,Đồ hộp,100,per_100g,58.0,0.2,14.4,,,58.4,0.69,0.69,8,General,Viện Dinh dưỡng Quốc gia,11005,2026-02-11T19:10:14Z
food_11006,food,v1,11006,Mận nước đường,"Plum, canned sweetened",Đồ hộp,Đồ hộp,100,per_100g,62.0,0.3,14.9,0.1,,61.7,0.48,0.84,8,General,Viện Dinh dưỡng Quốc gia,11006,2026-02-11T19:10:14Z
food_11007,food,v1,11007,Mứt bí ngô,Pumpkin jam,Đồ hộp,Đồ hộp,100,per_100g,201.0,0.5,49.8,,,201.2,0.1,0.69,8,General,Viện Dinh dưỡng Quốc gia,11007,2026-02-11T19:10:14Z
food_11008,food,v1,11008,Mứt cam có vỏ,"Orange marmalade, jellies",Đồ hộp,Đồ hộp,100,per_100g,227.0,0.4,56.4,,,227.2,0.09,0.69,8,General,Viện Dinh dưỡng Quốc gia,11008,2026-02-11T19:10:14Z
food_11009,food,v1,11009,Mứt chuối,Banana jam,Đồ hộp,Đồ hộp,100,per_100g,224.0,0.7,55.2,,,223.6,0.18,0.69,8,General,Viện Dinh dưỡng Quốc gia,11009,2026-02-11T19:10:14Z
food_11010,food,v1,11010,Mứt dứa,Pineapple jam,Đồ hộp,Đồ hộp,100,per_100g,210.0,0.5,51.9,,,209.6,0.19,0.69,8,General,Viện Dinh dưỡng Quốc gia,11010,2026-02-11T19:10:14Z
food_11011,food,v1,11011,Mứt đu đủ,Papaya jam,Đồ hộp,Đồ hộp,100,per_100g,186.0,0.4,46.1,,,186.0,0.0,0.69,8,General,Viện Dinh dưỡng Quốc gia,11011,2026-02-11T19:10:14Z
food_11012,food,v1,11012,Nhãn nước đường,"Longan, canned sweetened",Đồ hộp,Đồ hộp,100,per_100g,66.0,0.5,16.0,,,66.0,0.0,0.69,8,General,Viện Dinh dưỡng Quốc gia,11012,2026-02-11T19:10:16Z
food_11013,food,v1,11013,Nước dứa hộp,Pineapple juice,Đồ hộp,Đồ hộp,100,per_100g,41.0,0.3,9.74,0.06,,40.7,0.73,0.84,8,General,Viện Dinh dưỡng Quốc gia,11013,2026-02-11T19:10:16Z
food_11014,food,v1,11014,Vải nước đường,"Litchi, canned sweetened",Đồ hộp,Đồ hộp,100,per_100g,65.0,0.4,15.8,,,64.8,0.31,0.69,8,General,Viện Dinh dưỡng Quốc gia,11014,2026-02-11T19:10:16Z
food_11015,food,v1,11015,Cá thu hộp,"Mackerel, canned",Đồ hộp,Đồ hộp,100,per_100g,207.0,24.8,,12.0,,207.2,0.1,0.69,8,General,Viện Dinh dưỡng Quốc gia,11015,2026-02-11T19:10:16Z
food_11016,food,v1,11016,Cá trích hộp,"Herring, canned",Đồ hộp,Đồ hộp,100,per_100g,233.0,22.3,3.5,14.4,,232.8,0.09,0.84,8,General,Viện Dinh dưỡng Quốc gia,11016,2026-02-11T19:10:16Z
food_11017,food,v1,11017,Thịt bò hộp,"Beef, canned",Đồ hộp,Đồ hộp,100,per_100g,251.0,16.4,,20.6,,251.0,0.0,0.69,8,General,Viện Dinh dưỡng Quốc gia,11017,2026-02-11T19:10:16Z
food_11018,food,v1,11018,Thịt gà hộp,"Chicken, canned",Đồ hộp,Đồ hộp,100,per_100g,273.0,17.0,,22.8,,273.2,0.07,0.69,8,General,Viện Dinh dưỡng Quốc gia,11018,2026-02-11T19:10:16Z
food_11019,food,v1,11019,Thịt lợn hộp,"Pork, canned",Đồ hộp,Đồ hộp,100,per_100g,344.0,17.3,2.7,29.3,,343.7,0.09,0.84,8,General,Viện Dinh dưỡng Quốc gia,11019,2026-02-11T19:10:16Z
food_11020,food,v1,11020,"Thịt lợn, thịt bò xay hộp",Pork beef mince canned,Đồ hộp,Đồ hộp,100,per_100g,244.0,16.0,,20.0,,244.0,0.0,0.69,8,General,Viện Dinh dưỡng Quốc gia,11020,2026-02-11T19:10:16Z
food_11021,food,v1,11021,Thịt vịt hầm,"Duck, stewed meat",Đồ hộp,Đồ hộp,100,per_100g,224.0,19.6,,16.2,,224.2,0.09,0.69,8,General,Viện Dinh dưỡng Quốc gia,11021,2026-02-11T19:10:16Z
food_11022,food,v1,11022,Cá ngừ hộp,,Đồ hộp,Đồ hộp,100,per_100g,85.0,19.0,0.08,0.94,,84.78,0.26,0.86,7,General,Viện Dinh dưỡng Quốc gia,11022,2026-02-11T19:10:16Z
food_11023,food,v1,11023,Cá nục hộp,,Đồ hộp,Đồ hộp,100,per_100g,233.0,22.3,3.5,14.4,,232.8,0.09,0.84,8,General,Viện Dinh dưỡng Quốc gia,11023,2026-02-11T19:10:16Z
food_12001,food,v1,12001,Bánh bích cốt,Whole wheat rusk,"Đồ ngọt (đường, bánh, mứt, kẹo)","Đồ ngọt (đường, bánh, mứt, kẹo)",100,per_100g,349.0,12.3,72.1,1.3,,349.3,0.09,0.84,8,General,Viện Dinh dưỡng Quốc gia,12001,2026-02-11T19:10:16Z
food_12002,food,v1,12002,Bánh bích quy,"Biscuits, plain","Đồ ngọt (đường, bánh, mứt, kẹo)","Đồ ngọt (đường, bánh, mứt, kẹo)",100,per_100g,378.0,8.8,75.6,4.5,,378.1,0.03,0.84,8,General,Viện Dinh dưỡng Quốc gia,12002,2026-02-11T19:10:16Z
food_12003,food,v1,12003,Bánh chả,"Small biscuit, fried","Đồ ngọt (đường, bánh, mứt, kẹo)","Đồ ngọt (đường, bánh, mứt, kẹo)",100,per_100g,399.0,3.4,81.5,6.6,,399.0,0.0,0.84,8,General,Viện Dinh dưỡng Quốc gia,12003,2026-02-11T19:10:16Z
food_12004,food,v1,12004,Bánh con cá,"Small biscuits, fish figured","Đồ ngọt (đường, bánh, mứt, kẹo)","Đồ ngọt (đường, bánh, mứt, kẹo)",100,per_100g,369.0,7.5,79.8,2.2,,369.0,0.0,0.84,8,General,Viện Dinh dưỡng Quốc gia,12004,2026-02-11T19:10:19Z
food_12005,food,v1,12005,Bánh đậu xanh,Mungbean cake,"Đồ ngọt (đường, bánh, mứt, kẹo)","Đồ ngọt (đường, bánh, mứt, kẹo)",100,per_100g,420.0,15.6,63.5,11.5,,419.9,0.02,0.84,8,General,Viện Dinh dưỡng Quốc gia,12005,2026-02-11T19:10:19Z
food_12006,food,v1,12006,Bánh kem xốp,Wafers filled,"Đồ ngọt (đường, bánh, mứt, kẹo)","Đồ ngọt (đường, bánh, mứt, kẹo)",100,per_100g,506.0,8.3,64.2,24.0,,506.0,0.0,0.84,8,General,Viện Dinh dưỡng Quốc gia,12006,2026-02-11T19:10:19Z
food_12007,food,v1,12007,Bánh khảo chay,"Rice cake, plain","Đồ ngọt (đường, bánh, mứt, kẹo)","Đồ ngọt (đường, bánh, mứt, kẹo)",100,per_100g,377.0,3.2,90.4,0.3,,377.1,0.03,0.84,8,General,Viện Dinh dưỡng Quốc gia,12007,2026-02-11T19:10:19Z
food_12008,food,v1,12008,Bánh quế,Cinnamon waffle (roll),"Đồ ngọt (đường, bánh, mứt, kẹo)","Đồ ngọt (đường, bánh, mứt, kẹo)",100,per_100g,436.0,8.3,76.7,10.7,,436.3,0.07,0.84,8,General,Viện Dinh dưỡng Quốc gia,12008,2026-02-11T19:10:19Z
food_12009,food,v1,12009,Bánh sô cô la,Chocolate filled,"Đồ ngọt (đường, bánh, mứt, kẹo)","Đồ ngọt (đường, bánh, mứt, kẹo)",100,per_100g,449.0,3.9,68.8,17.6,,449.2,0.04,0.84,8,General,Viện Dinh dưỡng Quốc gia,12009,2026-02-11T19:10:19Z
food_12010,food,v1,12010,Bánh thỏi sô cô la,Chocolate sweet,"Đồ ngọt (đường, bánh, mứt, kẹo)","Đồ ngọt (đường, bánh, mứt, kẹo)",100,per_100g,543.0,4.9,62.5,30.4,,543.2,0.04,0.84,8,General,Viện Dinh dưỡng Quốc gia,12010,2026-02-11T19:10:19Z
food_12011,food,v1,12011,Bánh trứng nhện,Small biscuit,"Đồ ngọt (đường, bánh, mứt, kẹo)","Đồ ngọt (đường, bánh, mứt, kẹo)",100,per_100g,369.0,9.6,74.4,3.7,,369.3,0.08,0.84,8,General,Viện Dinh dưỡng Quốc gia,12011,2026-02-11T19:10:19Z
food_12012,food,v1,12012,Bột ca cao,Cocoa powder,"Đồ ngọt (đường, bánh, mứt, kẹo)","Đồ ngọt (đường, bánh, mứt, kẹo)",100,per_100g,423.0,23.3,44.2,17.0,,423.0,0.0,0.84,8,General,Viện Dinh dưỡng Quốc gia,12012,2026-02-11T19:10:19Z
food_12013,food,v1,12013,Đường cát,"Sugar crude, brown","Đồ ngọt (đường, bánh, mứt, kẹo)","Đồ ngọt (đường, bánh, mứt, kẹo)",100,per_100g,383.0,1.1,94.6,,,382.8,0.05,0.69,8,General,Viện Dinh dưỡng Quốc gia,12013,2026-02-11T19:10:19Z
food_12014,food,v1,12014,Đường kính,Granulated sugar,"Đồ ngọt (đường, bánh, mứt, kẹo)","Đồ ngọt (đường, bánh, mứt, kẹo)",100,per_100g,397.0,,99.3,,,397.2,0.05,0.54,8,General,Viện Dinh dưỡng Quốc gia,12014,2026-02-11T19:10:19Z
food_12015,food,v1,12015,Kẹo bơ cứng,"Toffee, sweets","Đồ ngọt (đường, bánh, mứt, kẹo)","Đồ ngọt (đường, bánh, mứt, kẹo)",100,per_100g,448.0,2.1,71.1,17.2,,447.6,0.09,0.84,8,General,Viện Dinh dưỡng Quốc gia,12015,2026-02-11T19:10:19Z
food_12016,food,v1,12016,Kẹo cà phê,Coffee sweets,"Đồ ngọt (đường, bánh, mứt, kẹo)","Đồ ngọt (đường, bánh, mứt, kẹo)",100,per_100g,378.0,,91.5,1.3,,377.7,0.08,0.69,8,General,Viện Dinh dưỡng Quốc gia,12016,2026-02-11T19:10:19Z
food_12017,food,v1,12017,Kẹo cam chanh,"Sweets, caramel with citron, orange aroma","Đồ ngọt (đường, bánh, mứt, kẹo)","Đồ ngọt (đường, bánh, mứt, kẹo)",100,per_100g,378.0,,93.4,0.5,,378.1,0.03,0.69,8,General,Viện Dinh dưỡng Quốc gia,12017,2026-02-11T19:10:19Z
food_12018,food,v1,12018,Kẹo dừa mềm,Sweets with coconut aroma,"Đồ ngọt (đường, bánh, mứt, kẹo)","Đồ ngọt (đường, bánh, mứt, kẹo)",100,per_100g,425.0,0.6,78.1,12.2,,424.6,0.09,0.84,8,General,Viện Dinh dưỡng Quốc gia,12018,2026-02-11T19:10:19Z
food_12019,food,v1,12019,Kẹo dứa mềm,Pineapple sweets candy,"Đồ ngọt (đường, bánh, mứt, kẹo)","Đồ ngọt (đường, bánh, mứt, kẹo)",100,per_100g,425.0,0.6,78.1,12.2,,424.6,0.09,0.84,8,General,Viện Dinh dưỡng Quốc gia,12019,2026-02-11T19:10:21Z
food_12020,food,v1,12020,Kẹo lạc,Peanut candy,"Đồ ngọt (đường, bánh, mứt, kẹo)","Đồ ngọt (đường, bánh, mứt, kẹo)",100,per_100g,458.0,10.3,67.0,16.5,,457.7,0.07,0.84,8,General,Viện Dinh dưỡng Quốc gia,12020,2026-02-11T19:10:21Z
food_12021,food,v1,12021,Kẹo Pastille (kẹo ngậm bạc hà),Menthol pastille,"Đồ ngọt (đường, bánh, mứt, kẹo)","Đồ ngọt (đường, bánh, mứt, kẹo)",100,per_100g,356.0,5.2,83.8,,,356.0,0.0,0.69,8,General,Viện Dinh dưỡng Quốc gia,12021,2026-02-11T19:10:21Z
food_12022,food,v1,12022,Kẹo sô cô la,Sweets with chocolate,"Đồ ngọt (đường, bánh, mứt, kẹo)","Đồ ngọt (đường, bánh, mứt, kẹo)",100,per_100g,393.0,1.6,86.3,4.6,,393.0,0.0,0.84,8,General,Viện Dinh dưỡng Quốc gia,12022,2026-02-11T19:10:21Z
food_12023,food,v1,12023,Kẹo sữa,Sweets with milk,"Đồ ngọt (đường, bánh, mứt, kẹo)","Đồ ngọt (đường, bánh, mứt, kẹo)",100,per_100g,390.0,2.9,83.0,5.2,,390.4,0.1,0.84,8,General,Viện Dinh dưỡng Quốc gia,12023,2026-02-11T19:10:21Z
food_12024,food,v1,12024,Kẹo vừng viên,Sesame candy,"Đồ ngọt (đường, bánh, mứt, kẹo)","Đồ ngọt (đường, bánh, mứt, kẹo)",100,per_100g,424.0,2.8,87.6,6.9,,423.7,0.07,0.84,8,General,Viện Dinh dưỡng Quốc gia,12024,2026-02-11T19:10:21Z
food_12025,food,v1,12025,Mạch nha,Malt,"Đồ ngọt (đường, bánh, mứt, kẹo)","Đồ ngọt (đường, bánh, mứt, kẹo)",100,per_100g,331.0,0.2,82.5,,,330.8,0.06,0.69,8,General,Viện Dinh dưỡng Quốc gia,12025,2026-02-11T19:10:21Z
food_12026,food,v1,12026,Mật ong,Honey,"Đồ ngọt (đường, bánh, mứt, kẹo)","Đồ ngọt (đường, bánh, mứt, kẹo)",100,per_100g,327.0,0.4,81.3,,,326.8,0.06,0.69,8,General,Viện Dinh dưỡng Quốc gia,12026,2026-02-11T19:10:21Z
food_12027,food,v1,12027,Mứt lạc,Peanut sugar (Jam),"Đồ ngọt (đường, bánh, mứt, kẹo)","Đồ ngọt (đường, bánh, mứt, kẹo)",100,per_100g,433.0,5.4,83.6,8.6,,433.4,0.09,0.84,8,General,Viện Dinh dưỡng Quốc gia,12027,2026-02-11T19:10:21Z
food_12044,food,v1,12044,Bánh chocopie,,"Đồ ngọt (đường, bánh, mứt, kẹo)","Đồ ngọt (đường, bánh, mứt, kẹo)",100,per_100g,435.3,5.51,66.12,16.53,,435.29,0.0,0.84,8,General,Viện Dinh dưỡng Quốc gia,12044,2026-02-11T19:10:21Z
food_12053,food,v1,12053,Bánh sữa,,"Đồ ngọt (đường, bánh, mứt, kẹo)","Đồ ngọt (đường, bánh, mứt, kẹo)",100,per_100g,427.0,10.32,70.95,11.35,,427.23,0.05,0.84,8,General,Viện Dinh dưỡng Quốc gia,12053,2026-02-11T19:10:21Z
food_12063,food,v1,12063,Thạch POKE hương trái cây ,,"Đồ ngọt (đường, bánh, mứt, kẹo)","Đồ ngọt (đường, bánh, mứt, kẹo)",100,per_100g,253.0,,63.16,,,252.64,0.14,0.54,8,General,Viện Dinh dưỡng Quốc gia,12063,2026-02-11T19:10:21Z
food_12066,food,v1,12066,"Bim bim, gạo, mặn",,"Đồ ngọt (đường, bánh, mứt, kẹo)","Đồ ngọt (đường, bánh, mứt, kẹo)",100,per_100g,458.0,5.0,47.5,27.5,,457.5,0.11,0.86,7,General,Viện Dinh dưỡng Quốc gia,12066,2026-02-11T19:10:21Z
food_12072,food,v1,12072,Đậu phộng da cá,,"Đồ ngọt (đường, bánh, mứt, kẹo)","Đồ ngọt (đường, bánh, mứt, kẹo)",100,per_100g,540.0,13.33,46.67,33.33,,539.97,0.01,0.84,8,General,Viện Dinh dưỡng Quốc gia,12072,2026-02-11T19:10:21Z
food_12073,food,v1,12073,Kem ngô,,"Đồ ngọt (đường, bánh, mứt, kẹo)","Đồ ngọt (đường, bánh, mứt, kẹo)",100,per_100g,199.0,3.2,27.6,8.4,,198.8,0.1,0.84,8,General,Viện Dinh dưỡng Quốc gia,12073,2026-02-11T19:10:21Z
food_12077,food,v1,12077,Kem que Merino Cacao - Sô cô la,,"Đồ ngọt (đường, bánh, mứt, kẹo)","Đồ ngọt (đường, bánh, mứt, kẹo)",100,per_100g,227.0,3.8,28.2,11.0,,227.0,0.0,0.84,8,General,Viện Dinh dưỡng Quốc gia,12077,2026-02-11T19:10:24Z
food_12078,food,v1,12078,Kem đậu xanh,,"Đồ ngọt (đường, bánh, mứt, kẹo)","Đồ ngọt (đường, bánh, mứt, kẹo)",100,per_100g,227.0,3.8,28.2,11.0,,227.0,0.0,0.84,8,General,Viện Dinh dưỡng Quốc gia,12078,2026-02-11T19:10:24Z
food_12079,food,v1,12079,Kem tươi,,"Đồ ngọt (đường, bánh, mứt, kẹo)","Đồ ngọt (đường, bánh, mứt, kẹo)",100,per_100g,1.0,335.0,35.5,2.4,,1503.6,150260.0,0.69,8,General,Viện Dinh dưỡng Quốc gia,12079,2026-02-11T19:10:24Z
food_12084,food,v1,12084,Bánh bông lan,,"Đồ ngọt (đường, bánh, mứt, kẹo)","Đồ ngọt (đường, bánh, mứt, kẹo)",100,per_100g,489.0,5.1,50.8,29.5,,489.1,0.02,0.84,8,General,Viện Dinh dưỡng Quốc gia,12084,2026-02-11T19:10:24Z
food_12085,food,v1,12085,Bánh gấu,,"Đồ ngọt (đường, bánh, mứt, kẹo)","Đồ ngọt (đường, bánh, mứt, kẹo)",100,per_100g,475.7,5.41,64.86,21.62,,475.66,0.01,0.84,8,General,Viện Dinh dưỡng Quốc gia,12085,2026-02-11T19:10:24Z
food_12086,food,v1,12086,Bánh ngũ cốc cao năng lượng,,"Đồ ngọt (đường, bánh, mứt, kẹo)","Đồ ngọt (đường, bánh, mứt, kẹo)",100,per_100g,500.0,14.1,39.1,31.9,,499.9,0.02,0.84,8,General,Viện Dinh dưỡng Quốc gia,12086,2026-02-11T19:10:24Z
food_12087,food,v1,12087,Bánh quy tròn nhân kem Ritz,,"Đồ ngọt (đường, bánh, mứt, kẹo)","Đồ ngọt (đường, bánh, mứt, kẹo)",100,per_100g,507.0,6.9,56.3,28.3,,507.5,0.1,0.84,8,General,Viện Dinh dưỡng Quốc gia,12087,2026-02-11T19:10:24Z
food_12088,food,v1,12088,Bánh trứng Custas,,"Đồ ngọt (đường, bánh, mứt, kẹo)","Đồ ngọt (đường, bánh, mứt, kẹo)",100,per_100g,434.0,4.26,46.81,25.53,,434.05,0.01,0.84,8,General,Viện Dinh dưỡng Quốc gia,12088,2026-02-11T19:10:24Z
food_12089,food,v1,12089,Bánh gối,,"Đồ ngọt (đường, bánh, mứt, kẹo)","Đồ ngọt (đường, bánh, mứt, kẹo)",100,per_100g,318.0,3.7,55.42,9.1,,318.38,0.12,0.84,8,General,Viện Dinh dưỡng Quốc gia,12089,2026-02-11T19:10:24Z
food_12090,food,v1,12090,Bánh rán nhân đỗ,,"Đồ ngọt (đường, bánh, mứt, kẹo)","Đồ ngọt (đường, bánh, mứt, kẹo)",100,per_100g,318.0,3.7,55.42,9.1,,318.38,0.12,0.84,8,General,Viện Dinh dưỡng Quốc gia,12090,2026-02-11T19:10:24Z
food_12091,food,v1,12091,Bánh tiêu,,"Đồ ngọt (đường, bánh, mứt, kẹo)","Đồ ngọt (đường, bánh, mứt, kẹo)",100,per_100g,318.0,3.7,55.42,9.1,,318.38,0.12,0.84,8,General,Viện Dinh dưỡng Quốc gia,12091,2026-02-11T19:10:24Z
food_13001,food,v1,13001,Cary bột,Cari powder ,"Gia vị, nước chấm","Gia vị, nước chấm",100,per_100g,318.0,8.2,54.9,7.3,,318.1,0.03,0.84,8,General,Viện Dinh dưỡng Quốc gia,13001,2026-02-11T19:10:24Z
food_13002,food,v1,13002,Gừng khô (bột),Ginger root dried,"Gia vị, nước chấm","Gia vị, nước chấm",100,per_100g,346.0,7.6,74.5,2.9,,354.5,2.46,0.84,8,General,Viện Dinh dưỡng Quốc gia,13002,2026-02-11T19:10:24Z
food_13003,food,v1,13003,Gừng tươi,Ginger root fresh,"Gia vị, nước chấm","Gia vị, nước chấm",100,per_100g,41.0,0.4,8.59,0.51,,40.55,1.1,0.84,8,General,Viện Dinh dưỡng Quốc gia,13003,2026-02-11T19:10:24Z
food_13004,food,v1,13004,Hạt tiêu,Pepper black seeds,"Gia vị, nước chấm","Gia vị, nước chấm",100,per_100g,365.0,7.0,67.6,7.4,,365.0,0.0,0.84,8,General,Viện Dinh dưỡng Quốc gia,13004,2026-02-11T19:10:24Z
food_13005,food,v1,13005,Muối,Table salt,"Gia vị, nước chấm","Gia vị, nước chấm",100,per_100g,1.0,,,,,0.0,100.0,0.24,8,General,Viện Dinh dưỡng Quốc gia,13005,2026-02-11T19:10:26Z
food_13006,food,v1,13006,"Nghệ khô, bột","Turmeric rhizome, dried","Gia vị, nước chấm","Gia vị, nước chấm",100,per_100g,380.0,7.83,64.91,9.88,,379.88,0.03,0.84,8,General,Viện Dinh dưỡng Quốc gia,13006,2026-02-11T19:10:26Z
food_13007,food,v1,13007,Nghệ tươi,"Turmeric, rhizome, fresh","Gia vị, nước chấm","Gia vị, nước chấm",100,per_100g,51.0,1.1,11.0,0.3,,51.1,0.2,0.84,8,General,Viện Dinh dưỡng Quốc gia,13007,2026-02-11T19:10:26Z
food_13008,food,v1,13008,ớt khô bột,"Red pepper, dried powder","Gia vị, nước chấm","Gia vị, nước chấm",100,per_100g,322.0,15.6,55.4,4.2,,321.8,0.06,0.84,8,General,Viện Dinh dưỡng Quốc gia,13008,2026-02-11T19:10:26Z
food_13009,food,v1,13009,Riềng,Alpinia root,"Gia vị, nước chấm","Gia vị, nước chấm",100,per_100g,26.0,0.3,6.2,,,26.0,0.0,0.69,8,General,Viện Dinh dưỡng Quốc gia,13009,2026-02-11T19:10:26Z
food_13010,food,v1,13010,Magi,Soybean sauce,"Gia vị, nước chấm","Gia vị, nước chấm",100,per_100g,65.0,10.0,6.1,0.1,,65.3,0.46,0.84,8,General,Viện Dinh dưỡng Quốc gia,13010,2026-02-11T19:10:26Z
food_13011,food,v1,13011,Mắm tôm đặc,"Shrimp sauce, concentrate","Gia vị, nước chấm","Gia vị, nước chấm",100,per_100g,73.0,14.8,,1.5,,72.7,0.41,0.69,8,General,Viện Dinh dưỡng Quốc gia,13011,2026-02-11T19:10:26Z
food_13012,food,v1,13012,Mắm tôm loãng,Shrimp sauce,"Gia vị, nước chấm","Gia vị, nước chấm",100,per_100g,44.0,7.0,2.1,0.8,,43.6,0.91,0.84,8,General,Viện Dinh dưỡng Quốc gia,13012,2026-02-11T19:10:26Z
food_13013,food,v1,13013,Mắm tép chua,River shrimp (small) sauce,"Gia vị, nước chấm","Gia vị, nước chấm",100,per_100g,68.0,8.7,5.5,1.2,,67.6,0.59,0.84,8,General,Viện Dinh dưỡng Quốc gia,13013,2026-02-11T19:10:26Z
food_13014,food,v1,13014,Nước mắm cá (loại đặc biệt),Fish sauce (high quality),"Gia vị, nước chấm","Gia vị, nước chấm",100,per_100g,60.0,15.0,,,,60.0,0.0,0.54,8,General,Viện Dinh dưỡng Quốc gia,13014,2026-02-11T19:10:26Z
food_13015,food,v1,13015,Nước mắm loại I,"Fish sauce liquid, grade I","Gia vị, nước chấm","Gia vị, nước chấm",100,per_100g,28.0,7.1,,,,28.4,1.43,0.54,8,General,Viện Dinh dưỡng Quốc gia,13015,2026-02-11T19:10:26Z
food_13016,food,v1,13016,Nước mắm loại II,Fish sauce liquid grade II,"Gia vị, nước chấm","Gia vị, nước chấm",100,per_100g,21.0,5.2,,,,20.8,0.95,0.54,8,General,Viện Dinh dưỡng Quốc gia,13016,2026-02-11T19:10:26Z
food_13017,food,v1,13017,Nước mắm cá,"Fish sauce, ready-to-serve","Gia vị, nước chấm","Gia vị, nước chấm",100,per_100g,35.0,5.06,3.64,0.01,,34.89,0.31,0.84,8,General,Viện Dinh dưỡng Quốc gia,13017,2026-02-11T19:10:26Z
food_13018,food,v1,13018,Nước mắm cô,Fish sauce dried,"Gia vị, nước chấm","Gia vị, nước chấm",100,per_100g,131.0,32.8,,,,131.2,0.15,0.54,8,General,Viện Dinh dưỡng Quốc gia,13018,2026-02-11T19:10:26Z
food_13019,food,v1,13019,Tương ngô,Soybean sauce with rice and maize,"Gia vị, nước chấm","Gia vị, nước chấm",100,per_100g,75.0,3.9,14.5,0.1,,74.5,0.67,0.84,8,General,Viện Dinh dưỡng Quốc gia,13019,2026-02-11T19:10:26Z
food_13020,food,v1,13020,Tương nếp,Soybean sauce with glutinous rice,"Gia vị, nước chấm","Gia vị, nước chấm",100,per_100g,86.0,4.3,15.7,0.7,,86.3,0.35,0.84,8,General,Viện Dinh dưỡng Quốc gia,13020,2026-02-11T19:10:29Z
food_13021,food,v1,13021,Tương ớt,Chili sauce ,"Gia vị, nước chấm","Gia vị, nước chấm",100,per_100g,41.0,0.5,8.5,0.5,,40.5,1.22,0.84,8,General,Viện Dinh dưỡng Quốc gia,13021,2026-02-11T19:10:29Z
food_13022,food,v1,13022,Xì dầu,Soybean sauce,"Gia vị, nước chấm","Gia vị, nước chấm",100,per_100g,55.0,6.3,7.46,0.04,,55.4,0.73,0.84,8,General,Viện Dinh dưỡng Quốc gia,13022,2026-02-11T19:10:29Z
food_13023,food,v1,13023,Sốt mayonnaise,Mayonnaise,"Gia vị, nước chấm","Gia vị, nước chấm",100,per_100g,701.0,,0.1,77.8,,700.6,0.06,0.69,8,General,Viện Dinh dưỡng Quốc gia,13023,2026-02-11T19:10:29Z
food_13024,food,v1,13024,Sả,,"Gia vị, nước chấm","Gia vị, nước chấm",100,per_100g,1.0,0.8,16.5,1.0,,78.2,7720.0,0.69,8,General,Viện Dinh dưỡng Quốc gia,13024,2026-02-11T19:10:29Z
food_13025,food,v1,13025,Bột canh,,"Gia vị, nước chấm","Gia vị, nước chấm",100,per_100g,62.2,1.05,14.5,,,62.2,0.0,0.69,8,General,Viện Dinh dưỡng Quốc gia,13025,2026-02-11T19:10:29Z
food_13026,food,v1,13026,Bột nêm,,"Gia vị, nước chấm","Gia vị, nước chấm",100,per_100g,188.0,12.73,30.18,1.82,,188.02,0.01,0.84,8,General,Viện Dinh dưỡng Quốc gia,13026,2026-02-11T19:10:29Z
food_13027,food,v1,13027,Dầu hào,Oyster sauce,"Gia vị, nước chấm","Gia vị, nước chấm",100,per_100g,73.0,2.9,14.7,0.3,,73.1,0.14,0.84,8,General,Viện Dinh dưỡng Quốc gia,13027,2026-02-11T19:10:29Z
food_13028,food,v1,13028,Gia vị,,"Gia vị, nước chấm","Gia vị, nước chấm",100,per_100g,62.2,1.05,14.5,,,62.2,0.0,0.69,8,General,Viện Dinh dưỡng Quốc gia,13028,2026-02-11T19:10:29Z
food_13029,food,v1,13029,Mỳ chính,,"Gia vị, nước chấm","Gia vị, nước chấm",100,per_100g,282.0,,,,,0.0,100.0,0.24,8,General,Viện Dinh dưỡng Quốc gia,13029,2026-02-11T19:10:29Z
food_13030,food,v1,13030,Ngũ vị hương,Five-spice seasoning,"Gia vị, nước chấm","Gia vị, nước chấm",100,per_100g,1.0,,,,,0.0,100.0,0.24,8,General,Viện Dinh dưỡng Quốc gia,13030,2026-02-11T19:10:29Z
food_13031,food,v1,13031,Nước hàng,Sugar cooked to make color,"Gia vị, nước chấm","Gia vị, nước chấm",100,per_100g,1.0,,,,,0.0,100.0,0.24,8,General,Viện Dinh dưỡng Quốc gia,13031,2026-02-11T19:10:29Z
food_13032,food,v1,13032,Nước sốt cà chua,,"Gia vị, nước chấm","Gia vị, nước chấm",100,per_100g,1.0,1.1,27.4,0.1,,114.9,11390.0,0.69,8,General,Viện Dinh dưỡng Quốc gia,13032,2026-02-11T19:10:29Z
food_13034,food,v1,13034,Giấm ăn,,"Gia vị, nước chấm","Gia vị, nước chấm",100,per_100g,21.0,,0.93,,,3.72,82.29,0.39,8,General,Viện Dinh dưỡng Quốc gia,13034,2026-02-11T19:10:29Z
food_13039,food,v1,13039,Ớt tươi,Chilli (fresh) ,"Gia vị, nước chấm","Gia vị, nước chấm",100,per_100g,18.0,1.4,2.6,0.2,,17.8,1.11,0.84,8,General,Viện Dinh dưỡng Quốc gia,13039,2026-02-11T19:10:29Z
food_13044,food,v1,13044,Mù tạt,,"Gia vị, nước chấm","Gia vị, nước chấm",100,per_100g,69.0,4.25,5.3,3.38,,68.62,0.55,0.84,8,General,Viện Dinh dưỡng Quốc gia,13044,2026-02-11T19:10:31Z
food_13045,food,v1,13045,Bột chiên giòn,,"Gia vị, nước chấm","Gia vị, nước chấm",100,per_100g,351.6,8.5,74.9,2.0,,351.6,0.0,0.84,8,General,Viện Dinh dưỡng Quốc gia,13045,2026-02-11T19:10:31Z
food_13046,food,v1,13046,Bột năng,Tapioca Starch/Tapioca Flour,"Gia vị, nước chấm","Gia vị, nước chấm",100,per_100g,343.0,0.7,85.1,,,343.2,0.06,0.69,8,General,Viện Dinh dưỡng Quốc gia,13046,2026-02-11T19:10:31Z
food_13049,food,v1,13049,Mẻ,Fermented rice or rice noodle,"Gia vị, nước chấm","Gia vị, nước chấm",100,per_100g,1.0,,,,,0.0,100.0,0.24,8,General,Viện Dinh dưỡng Quốc gia,13049,2026-02-11T19:10:31Z
food_13054,food,v1,13054,Sa tế,Chilli paste,"Gia vị, nước chấm","Gia vị, nước chấm",100,per_100g,70.0,1.1,4.1,5.5,,70.3,0.43,0.84,8,General,Viện Dinh dưỡng Quốc gia,13054,2026-02-11T19:10:31Z
food_13056,food,v1,13056,Bột hạt điều đỏ,Annatto seed powder,"Gia vị, nước chấm","Gia vị, nước chấm",100,per_100g,1.0,11.5,42.2,2.23,,234.87,23387.0,0.69,8,General,Viện Dinh dưỡng Quốc gia,13056,2026-02-11T19:10:31Z
food_13059,food,v1,13059,Lá chanh,Lemon leaf,"Gia vị, nước chấm","Gia vị, nước chấm",100,per_100g,91.0,4.25,18.46,,,90.84,0.18,0.69,8,General,Viện Dinh dưỡng Quốc gia,13059,2026-02-11T19:10:31Z
food_13067,food,v1,13067,Bột chiên xù,,"Gia vị, nước chấm","Gia vị, nước chấm",100,per_100g,383.0,11.4,75.9,3.75,,382.95,0.01,0.84,8,General,Viện Dinh dưỡng Quốc gia,13067,2026-02-11T19:10:31Z
food_13072,food,v1,13072,Hạt ý dĩ,,"Gia vị, nước chấm","Gia vị, nước chấm",100,per_100g,358.0,14.2,67.2,3.6,,358.0,0.0,0.84,8,General,Viện Dinh dưỡng Quốc gia,13072,2026-02-11T19:10:31Z
food_13073,food,v1,13073,Nước ướp gà nướng,,"Gia vị, nước chấm","Gia vị, nước chấm",100,per_100g,1.0,0.82,40.8,0.63,,172.15,17115.0,0.69,8,General,Viện Dinh dưỡng Quốc gia,13073,2026-02-11T19:10:31Z
food_13074,food,v1,13074,Nước ướp thịt kho,,"Gia vị, nước chấm","Gia vị, nước chấm",100,per_100g,269.9,2.8,49.6,6.7,,269.9,0.0,0.84,8,General,Viện Dinh dưỡng Quốc gia,13074,2026-02-11T19:10:31Z
food_13075,food,v1,13075,Gói thuốc bắc (dùng để hầm thịt),,"Gia vị, nước chấm","Gia vị, nước chấm",100,per_100g,281.0,4.72,72.5,0.5,,313.38,11.52,0.84,8,General,Viện Dinh dưỡng Quốc gia,13075,2026-02-11T19:10:31Z
food_14001,food,v1,14001,"Bia (cồn: 4,5 g)","Beer light (4,5 % Alcohol)",Nước giải khát,Nước giải khát,100,per_100g,43.0,0.5,2.3,,,11.2,73.95,0.54,8,General,Viện Dinh dưỡng Quốc gia,14001,2026-02-11T19:10:31Z
food_14002,food,v1,14002,Cô nhắc (cồn 32 g),Cognac (32% alcohol),Nước giải khát,Nước giải khát,100,per_100g,224.0,,,,,0.0,100.0,0.24,8,General,Viện Dinh dưỡng Quốc gia,14002,2026-02-11T19:10:31Z
food_14003,food,v1,14003,Cốc tain (cồn 13 g),Cocktail (13% alcohol),Nước giải khát,Nước giải khát,100,per_100g,155.0,,15.74,,,62.96,59.38,0.39,8,General,Viện Dinh dưỡng Quốc gia,14003,2026-02-11T19:10:31Z
food_14004,food,v1,14004,Coca cola,Coca Cola,Nước giải khát,Nước giải khát,100,per_100g,42.0,,10.4,,,41.6,0.95,0.54,8,General,Viện Dinh dưỡng Quốc gia,14004,2026-02-11T19:10:34Z
food_14005,food,v1,14005,Nước cam tươi,"Orange juice, fresh",Nước giải khát,Nước giải khát,100,per_100g,23.0,0.7,4.7,0.2,,23.4,1.74,0.84,8,General,Viện Dinh dưỡng Quốc gia,14005,2026-02-11T19:10:34Z
food_14006,food,v1,14006,Nước dừa non tươi,Water from immature coconut,Nước giải khát,Nước giải khát,100,per_100g,21.0,0.4,4.7,0.1,,21.3,1.43,0.84,8,General,Viện Dinh dưỡng Quốc gia,14006,2026-02-11T19:10:34Z
food_14007,food,v1,14007,Nước ép cà chua,"Tomato juice, without salt added",Nước giải khát,Nước giải khát,100,per_100g,21.0,0.8,3.0,0.6,,20.6,1.9,0.84,8,General,Viện Dinh dưỡng Quốc gia,14007,2026-02-11T19:10:34Z
food_14008,food,v1,14008,Nước khoáng,Mineral water,Nước giải khát,Nước giải khát,100,per_100g,1.0,,0.02,,,0.08,92.0,0.39,8,General,Viện Dinh dưỡng Quốc gia,14008,2026-02-11T19:10:34Z
food_14009,food,v1,14009,Nước quít tươi,Mandarins juice (fresh),Nước giải khát,Nước giải khát,100,per_100g,25.0,0.4,5.3,0.2,,24.6,1.6,0.84,8,General,Viện Dinh dưỡng Quốc gia,14009,2026-02-11T19:10:34Z
food_14010,food,v1,14010,"Rượu cam, chanh (cồn 24,2 g)","Liqueur orange, citron",Nước giải khát,Nước giải khát,100,per_100g,241.0,,,,,0.0,100.0,0.24,8,General,Viện Dinh dưỡng Quốc gia,14010,2026-02-11T19:10:34Z
food_14011,food,v1,14011,Rượu nếp (80g/ 24 ml) (cồn 5 g),Rice glutinous Vodka,Nước giải khát,Nước giải khát,100,per_100g,202.0,4.0,37.9,,,167.6,17.03,0.54,8,General,Viện Dinh dưỡng Quốc gia,14011,2026-02-11T19:10:34Z
food_14012,food,v1,14012,Rượu trắng (cồn 39 g),Vodka (39% alcohol),Nước giải khát,Nước giải khát,100,per_100g,273.0,,,,,0.0,100.0,0.24,8,General,Viện Dinh dưỡng Quốc gia,14012,2026-02-11T19:10:34Z
food_14013,food,v1,14013,"Rượu vang đỏ (cồn 9,5 g)",Red wine (9.5% alcohol),Nước giải khát,Nước giải khát,100,per_100g,69.0,0.2,2.02,,,8.88,87.13,0.54,8,General,Viện Dinh dưỡng Quốc gia,14013,2026-02-11T19:10:34Z
food_14014,food,v1,14014,"Rượu vang trắng (cồn 9,5 g)",White wine (9.5% alcohol),Nước giải khát,Nước giải khát,100,per_100g,66.0,0.1,0.2,,,1.2,98.18,0.54,8,General,Viện Dinh dưỡng Quốc gia,14014,2026-02-11T19:10:34Z
food_14015,food,v1,14015,Rượu vang trắng ngọt (cồn 10.2 g),"White wine, sweet (10.2% alcohol)",Nước giải khát,Nước giải khát,100,per_100g,96.0,0.2,5.9,,,24.4,74.58,0.54,8,General,Viện Dinh dưỡng Quốc gia,14015,2026-02-11T19:10:34Z
food_14016,food,v1,14016,"Rượu Whisky (cồn 35,2 g)",Whisky liqueur (35.2% alcohol),Nước giải khát,Nước giải khát,100,per_100g,246.0,,,,,0.0,100.0,0.24,8,General,Viện Dinh dưỡng Quốc gia,14016,2026-02-11T19:10:34Z
food_14026,food,v1,14026,Cà phê sữa hòa tan,,Nước giải khát,Nước giải khát,100,per_100g,392.0,2.36,94.9,0.36,,392.28,0.07,0.84,8,General,Viện Dinh dưỡng Quốc gia,14026,2026-02-11T19:10:34Z
food_14040,food,v1,14040,Nước mía,,Nước giải khát,Nước giải khát,100,per_100g,79.6,,20.2,,,80.8,1.51,0.54,8,General,Viện Dinh dưỡng Quốc gia,14040,2026-02-11T19:10:34Z
food_14047,food,v1,14047,Nước ép dưa hấu,"Juice, watermelon",Nước giải khát,Nước giải khát,100,per_100g,34.0,0.61,7.55,0.15,,33.99,0.03,0.84,8,General,Viện Dinh dưỡng Quốc gia,14047,2026-02-11T19:10:36Z
food_14054,food,v1,14054,Nước ép đào đóng hộp,"Juice  packaged, Peach ",Nước giải khát,Nước giải khát,100,per_100g,57.0,0.27,13.92,0.02,,56.94,0.11,0.84,8,General,Viện Dinh dưỡng Quốc gia,14054,2026-02-11T19:10:36Z
food_14057,food,v1,14057,Nước đá,Ice,Nước giải khát,Nước giải khát,100,per_100g,1.0,,0.02,,,0.08,92.0,0.39,8,General,Viện Dinh dưỡng Quốc gia,14057,2026-02-11T19:10:36Z
food_14068,food,v1,14068,Nước giải khát vitamin C,,Nước giải khát,Nước giải khát,100,per_100g,1.0,,,,,0.0,100.0,0.24,8,General,Viện Dinh dưỡng Quốc gia,14068,2026-02-11T19:10:36Z
food_14069,food,v1,14069,Trà Neste,,Nước giải khát,Nước giải khát,100,per_100g,1.0,0.22,,,,0.88,12.0,0.54,8,General,Viện Dinh dưỡng Quốc gia,14069,2026-02-11T19:10:36Z
food_14070,food,v1,14070,Trà túi lọc,,Nước giải khát,Nước giải khát,100,per_100g,1.0,0.22,,,,0.88,12.0,0.54,8,General,Viện Dinh dưỡng Quốc gia,14070,2026-02-11T19:10:36Z
food_15001,food,v1,15001,Bánh bao chiên có nhân,"Filled steamed bread, fried",Thức ăn truyền thống,Thức ăn truyền thống,100,per_100g,177.0,2.3,19.31,10.1,,177.34,0.19,0.84,8,General,Viện Dinh dưỡng Quốc gia,15001,2026-02-11T19:10:36Z
food_15002,food,v1,15002,Bánh bèo,Bloating Fern-shaped cake,Thức ăn truyền thống,Thức ăn truyền thống,100,per_100g,118.0,1.8,18.15,4.2,,117.6,0.34,0.84,8,General,Viện Dinh dưỡng Quốc gia,15002,2026-02-11T19:10:36Z
food_15003,food,v1,15003,Bánh bột lọc,Rice dumpling cake,Thức ăn truyền thống,Thức ăn truyền thống,100,per_100g,137.0,6.8,17.74,4.3,,136.86,0.1,0.84,8,General,Viện Dinh dưỡng Quốc gia,15003,2026-02-11T19:10:36Z
food_15004,food,v1,15004,Bánh chay,"Stuffed sticky rice balls, large",Thức ăn truyền thống,Thức ăn truyền thống,100,per_100g,156.0,3.3,28.71,3.1,,155.94,0.04,0.84,8,General,Viện Dinh dưỡng Quốc gia,15004,2026-02-11T19:10:36Z
food_15005,food,v1,15005,Bánh chín tầng mây,,Thức ăn truyền thống,Thức ăn truyền thống,100,per_100g,169.0,0.2,40.77,0.6,,169.28,0.17,0.84,8,General,Viện Dinh dưỡng Quốc gia,15005,2026-02-11T19:10:36Z
food_15006,food,v1,15006,Bánh chưng,Stuffed sticky rice cake,Thức ăn truyền thống,Thức ăn truyền thống,100,per_100g,181.0,4.3,31.6,4.2,,181.4,0.22,0.84,8,General,Viện Dinh dưỡng Quốc gia,15006,2026-02-11T19:10:36Z
food_15007,food,v1,15007,Bánh chuối,Banana cake,Thức ăn truyền thống,Thức ăn truyền thống,100,per_100g,297.0,2.0,40.34,14.2,,297.16,0.05,0.84,8,General,Viện Dinh dưỡng Quốc gia,15007,2026-02-11T19:10:36Z
food_15008,food,v1,15008,Bánh cốm,Young rice cake,Thức ăn truyền thống,Thức ăn truyền thống,100,per_100g,250.0,3.4,58.5,0.3,,250.3,0.12,0.84,8,General,Viện Dinh dưỡng Quốc gia,15008,2026-02-11T19:10:36Z
food_15009,food,v1,15009,Bánh cuốn,Stuffed pancake,Thức ăn truyền thống,Thức ăn truyền thống,100,per_100g,129.0,3.0,17.4,5.3,,129.3,0.23,0.84,8,General,Viện Dinh dưỡng Quốc gia,15009,2026-02-11T19:10:36Z
food_15010,food,v1,15010,Bánh cuốn nóng nhân thịt,"Stuffed pancake, with pork",Thức ăn truyền thống,Thức ăn truyền thống,100,per_100g,102.0,2.1,17.65,2.6,,102.4,0.39,0.84,8,General,Viện Dinh dưỡng Quốc gia,15010,2026-02-11T19:10:39Z
food_15011,food,v1,15011,Bánh dẻo nhân thập cẩm,Sticky rice cake (filled with preserved fruit and meat),Thức ăn truyền thống,Thức ăn truyền thống,100,per_100g,349.0,5.0,60.3,9.8,,349.4,0.11,0.84,8,General,Viện Dinh dưỡng Quốc gia,15011,2026-02-11T19:10:39Z
food_15012,food,v1,15012,Bánh dẻo nhân trứng,Sticky rice cake (filled with egg),Thức ăn truyền thống,Thức ăn truyền thống,100,per_100g,338.0,7.4,58.6,8.2,,337.8,0.06,0.84,8,General,Viện Dinh dưỡng Quốc gia,15012,2026-02-11T19:10:39Z
food_15013,food,v1,15013,Bánh đúc nguội,"Plain rice flan; rice cake made of rice flour, and lime water",Thức ăn truyền thống,Thức ăn truyền thống,100,per_100g,88.0,2.0,15.36,2.1,,88.34,0.39,0.84,8,General,Viện Dinh dưỡng Quốc gia,15013,2026-02-11T19:10:39Z
food_15014,food,v1,15014,Bánh đúc nóng,"Plain rice flan; rice cake made of rice flour, and lime water, hot",Thức ăn truyền thống,Thức ăn truyền thống,100,per_100g,108.0,3.9,8.95,6.3,,108.1,0.09,0.84,8,General,Viện Dinh dưỡng Quốc gia,15014,2026-02-11T19:10:39Z
food_15015,food,v1,15015,Bánh gai,Stuffed sticky rice cake with ramie leaves,Thức ăn truyền thống,Thức ăn truyền thống,100,per_100g,251.0,4.7,52.3,2.5,,250.5,0.2,0.84,8,General,Viện Dinh dưỡng Quốc gia,15015,2026-02-11T19:10:39Z
food_15016,food,v1,15016,Bánh gio,Sticky rice cake with ash water,Thức ăn truyền thống,Thức ăn truyền thống,100,per_100g,173.0,2.0,40.44,0.4,,173.36,0.21,0.84,8,General,Viện Dinh dưỡng Quốc gia,15016,2026-02-11T19:10:39Z
food_15017,food,v1,15017,Bánh giò,"Pyramidal rice dumpling (filled with meat, onion, mushroom), meat pie",Thức ăn truyền thống,Thức ăn truyền thống,100,per_100g,234.0,2.8,16.3,17.5,,233.9,0.04,0.84,8,General,Viện Dinh dưỡng Quốc gia,15017,2026-02-11T19:10:39Z
food_15018,food,v1,15018,Bánh khoai,Cake made of sweet potato meal (mixed with rice flour,Thức ăn truyền thống,Thức ăn truyền thống,100,per_100g,141.0,4.1,27.64,1.6,,141.36,0.26,0.84,8,General,Viện Dinh dưỡng Quốc gia,15018,2026-02-11T19:10:39Z
food_15019,food,v1,15019,Bánh khoái,Plain rice flan,Thức ăn truyền thống,Thức ăn truyền thống,100,per_100g,159.0,0.6,16.26,10.2,,159.24,0.15,0.84,8,General,Viện Dinh dưỡng Quốc gia,15019,2026-02-11T19:10:39Z
food_15020,food,v1,15020,Bánh khoai sọ chiên,"Taro cake, fried",Thức ăn truyền thống,Thức ăn truyền thống,100,per_100g,197.0,5.6,24.9,8.3,,196.7,0.15,0.84,8,General,Viện Dinh dưỡng Quốc gia,15020,2026-02-11T19:10:39Z
food_15021,food,v1,15021,Bánh khúc,Cake made of glutinous rice mixed with everlasting gnaphalium leaves (filled with green bean paste and sprinkled with grains of cooked glutinous rice),Thức ăn truyền thống,Thức ăn truyền thống,100,per_100g,249.0,4.1,49.7,3.8,,249.4,0.16,0.84,8,General,Viện Dinh dưỡng Quốc gia,15021,2026-02-11T19:10:39Z
food_15022,food,v1,15022,Bánh mè,"Bread with egg and sesame seed, fried",Thức ăn truyền thống,Thức ăn truyền thống,100,per_100g,482.0,5.5,55.42,26.5,,482.18,0.04,0.84,8,General,Viện Dinh dưỡng Quốc gia,15022,2026-02-11T19:10:39Z
food_15023,food,v1,15023,Bánh mì xíu mại,Bread with egg and beef,Thức ăn truyền thống,Thức ăn truyền thống,100,per_100g,189.0,11.3,19.0,7.5,,188.7,0.16,0.84,8,General,Viện Dinh dưỡng Quốc gia,15023,2026-02-11T19:10:39Z
food_15024,food,v1,15024,Bánh mỳ patê,Bread with pate,Thức ăn truyền thống,Thức ăn truyền thống,100,per_100g,266.0,9.8,31.9,11.0,,265.8,0.08,0.84,8,General,Viện Dinh dưỡng Quốc gia,15024,2026-02-11T19:10:39Z
food_15025,food,v1,15025,Bánh nếp,Sticky rice cake,Thức ăn truyền thống,Thức ăn truyền thống,100,per_100g,216.0,5.0,41.77,3.2,,215.88,0.06,0.84,8,General,Viện Dinh dưỡng Quốc gia,15025,2026-02-11T19:10:41Z
food_15026,food,v1,15026,Bánh nướng nhân thập cẩm,Pie filled with various fruit and meat,Thức ăn truyền thống,Thức ăn truyền thống,100,per_100g,386.0,5.2,58.1,14.8,,386.4,0.1,0.84,8,General,Viện Dinh dưỡng Quốc gia,15026,2026-02-11T19:10:41Z
food_15027,food,v1,15027,Bánh nướng nhân trứng đỗ xanh,Pie filled with egg and mungbean,Thức ăn truyền thống,Thức ăn truyền thống,100,per_100g,371.0,9.6,51.9,13.9,,371.1,0.03,0.84,8,General,Viện Dinh dưỡng Quốc gia,15027,2026-02-11T19:10:41Z
food_15028,food,v1,15028,"Bánh phu thê (su sê, xu xuê)",Yellow-coloured wedding pastry,Thức ăn truyền thống,Thức ăn truyền thống,100,per_100g,185.0,2.1,41.1,1.3,,184.5,0.27,0.84,8,General,Viện Dinh dưỡng Quốc gia,15028,2026-02-11T19:10:41Z
food_15029,food,v1,15029,Bánh rán bọc đường,"Rice cake, fried with sugar",Thức ăn truyền thống,Thức ăn truyền thống,100,per_100g,318.0,3.7,55.42,9.1,,318.38,0.12,0.84,8,General,Viện Dinh dưỡng Quốc gia,15029,2026-02-11T19:10:41Z
food_15030,food,v1,15030,Bánh tẻ,"Rice cake,, filled with meat",Thức ăn truyền thống,Thức ăn truyền thống,100,per_100g,104.0,1.5,17.23,3.2,,103.72,0.27,0.84,8,General,Viện Dinh dưỡng Quốc gia,15030,2026-02-11T19:10:41Z
food_15031,food,v1,15031,Bánh tôm,Crisp shrimp pastry,Thức ăn truyền thống,Thức ăn truyền thống,100,per_100g,204.0,4.0,22.64,10.8,,203.76,0.12,0.84,8,General,Viện Dinh dưỡng Quốc gia,15031,2026-02-11T19:10:41Z
food_15032,food,v1,15032,Bánh trôi,Stuffed sticky rice balls,Thức ăn truyền thống,Thức ăn truyền thống,100,per_100g,202.0,2.8,46.37,0.6,,202.08,0.04,0.84,8,General,Viện Dinh dưỡng Quốc gia,15032,2026-02-11T19:10:41Z
food_15033,food,v1,15033,Bún bò Nam bộ,"Vermicelli noodles with beef, southern style",Thức ăn truyền thống,Thức ăn truyền thống,100,per_100g,81.0,3.2,15.73,0.6,,81.12,0.15,0.84,8,General,Viện Dinh dưỡng Quốc gia,15033,2026-02-11T19:10:41Z
food_15034,food,v1,15034,Bún chả,Vermicelli noodles with grilled pork,Thức ăn truyền thống,Thức ăn truyền thống,100,per_100g,136.0,6.1,17.9,4.4,,135.6,0.29,0.84,8,General,Viện Dinh dưỡng Quốc gia,15034,2026-02-11T19:10:41Z
food_15035,food,v1,15035,Bún cua,Vermicelli noodles with fresh water crab,Thức ăn truyền thống,Thức ăn truyền thống,100,per_100g,53.0,2.1,9.1,0.9,,52.9,0.19,0.84,8,General,Viện Dinh dưỡng Quốc gia,15035,2026-02-11T19:10:41Z
food_15036,food,v1,15036,Bún đậu,"Vermicelli noodles with tofu, dried",Thức ăn truyền thống,Thức ăn truyền thống,100,per_100g,151.0,3.0,20.3,6.4,,150.8,0.13,0.84,8,General,Viện Dinh dưỡng Quốc gia,15036,2026-02-11T19:10:41Z
food_15037,food,v1,15037,Bún dọc mùng,Vermicelli noodles with giant elephant ear stem,Thức ăn truyền thống,Thức ăn truyền thống,100,per_100g,408.0,3.0,8.3,2.6,,68.6,83.19,0.69,8,General,Viện Dinh dưỡng Quốc gia,15037,2026-02-11T19:10:41Z
food_15038,food,v1,15038,Bún nem,Vermicelli noodles with pork rolls,Thức ăn truyền thống,Thức ăn truyền thống,100,per_100g,120.0,3.3,17.8,3.9,,119.5,0.42,0.84,8,General,Viện Dinh dưỡng Quốc gia,15038,2026-02-11T19:10:41Z
food_15039,food,v1,15039,Bún ốc,Vermicelli noodles with snail,Thức ăn truyền thống,Thức ăn truyền thống,100,per_100g,62.0,3.1,10.9,0.7,,62.3,0.48,0.84,8,General,Viện Dinh dưỡng Quốc gia,15039,2026-02-11T19:10:41Z
food_15040,food,v1,15040,Caramen,Caramel cake,Thức ăn truyền thống,Thức ăn truyền thống,100,per_100g,109.0,5.2,12.81,4.1,,108.94,0.06,0.84,8,General,Viện Dinh dưỡng Quốc gia,15040,2026-02-11T19:10:43Z
food_15041,food,v1,15041,Chả quế,Roasted cinnamon pork,Thức ăn truyền thống,Thức ăn truyền thống,100,per_100g,339.0,18.3,1.1,29.0,,338.6,0.12,0.84,8,General,Viện Dinh dưỡng Quốc gia,15041,2026-02-11T19:10:43Z
food_15042,food,v1,15042,Cháo lòng, Pig's tripes soup,Thức ăn truyền thống,Thức ăn truyền thống,100,per_100g,69.0,1.4,6.0,4.4,,69.2,0.29,0.84,8,General,Viện Dinh dưỡng Quốc gia,15042,2026-02-11T19:10:43Z
food_15043,food,v1,15043,Cháo sườn,Rice soup with pork rips,Thức ăn truyền thống,Thức ăn truyền thống,100,per_100g,40.0,1.5,8.0,0.2,,39.8,0.5,0.84,8,General,Viện Dinh dưỡng Quốc gia,15043,2026-02-11T19:10:43Z
food_15044,food,v1,15044,Cháo trai,Rice soup with clams,Thức ăn truyền thống,Thức ăn truyền thống,100,per_100g,49.0,2.2,8.4,0.7,,48.7,0.61,0.84,8,General,Viện Dinh dưỡng Quốc gia,15044,2026-02-11T19:10:43Z
food_15045,food,v1,15045,Chè bưởi,Sweets gruel with pomelo flavor,Thức ăn truyền thống,Thức ăn truyền thống,100,per_100g,73.0,0.8,16.64,0.41,,73.45,0.62,0.84,8,General,Viện Dinh dưỡng Quốc gia,15045,2026-02-11T19:10:43Z
food_15046,food,v1,15046,Chè chuối,Sweets gruel with banana,Thức ăn truyền thống,Thức ăn truyền thống,100,per_100g,82.0,1.37,17.08,0.87,,81.63,0.45,0.84,8,General,Viện Dinh dưỡng Quốc gia,15046,2026-02-11T19:10:43Z
food_15047,food,v1,15047,Chè cốm,Sweets gruel with young rice,Thức ăn truyền thống,Thức ăn truyền thống,100,per_100g,80.0,0.23,19.04,0.32,,79.96,0.05,0.84,8,General,Viện Dinh dưỡng Quốc gia,15047,2026-02-11T19:10:43Z
food_15048,food,v1,15048,Chè đỗ đen,Sweets gruel with black bean,Thức ăn truyền thống,Thức ăn truyền thống,100,per_100g,79.0,1.21,18.02,0.26,,79.26,0.33,0.84,8,General,Viện Dinh dưỡng Quốc gia,15048,2026-02-11T19:10:43Z
food_15049,food,v1,15049,Chè đỗ đỏ,Sweets gruel with red bean,Thức ăn truyền thống,Thức ăn truyền thống,100,per_100g,77.0,1.85,16.51,0.39,,76.95,0.06,0.84,8,General,Viện Dinh dưỡng Quốc gia,15049,2026-02-11T19:10:43Z
food_15050,food,v1,15050,Chè đỗ xanh,Sweets gruel with mungbean,Thức ăn truyền thống,Thức ăn truyền thống,100,per_100g,79.0,1.35,17.54,0.39,,79.07,0.09,0.84,8,General,Viện Dinh dưỡng Quốc gia,15050,2026-02-11T19:10:43Z
food_15051,food,v1,15051,Chè hạt sen,Sweets gruel with lotus seed,Thức ăn truyền thống,Thức ăn truyền thống,100,per_100g,75.0,1.25,17.12,0.13,,74.65,0.47,0.84,8,General,Viện Dinh dưỡng Quốc gia,15051,2026-02-11T19:10:43Z
food_15052,food,v1,15052,Chè khoai sọ,Sweets gruel with taro,Thức ăn truyền thống,Thức ăn truyền thống,100,per_100g,83.0,0.78,19.05,0.42,,83.1,0.12,0.84,8,General,Viện Dinh dưỡng Quốc gia,15052,2026-02-11T19:10:43Z
food_15053,food,v1,15053,Chè ngô cốm,Sweets gruel with corn and young rice seeds,Thức ăn truyền thống,Thức ăn truyền thống,100,per_100g,72.0,0.35,16.42,0.6,,72.48,0.67,0.84,8,General,Viện Dinh dưỡng Quốc gia,15053,2026-02-11T19:10:43Z
food_15054,food,v1,15054,Chè sắn,Sweets gruel with Kudzu root,Thức ăn truyền thống,Thức ăn truyền thống,100,per_100g,86.0,0.57,19.24,0.73,,85.81,0.22,0.84,8,General,Viện Dinh dưỡng Quốc gia,15054,2026-02-11T19:10:43Z
food_15055,food,v1,15055,Chè Thái,"Sweets gruel, Thailand style",Thức ăn truyền thống,Thức ăn truyền thống,100,per_100g,82.0,0.72,18.53,0.51,,81.59,0.5,0.84,8,General,Viện Dinh dưỡng Quốc gia,15055,2026-02-11T19:10:46Z
food_15056,food,v1,15056,Cơm rang,Fried rice with egg and pork,Thức ăn truyền thống,Thức ăn truyền thống,100,per_100g,198.0,6.0,21.85,9.65,,198.25,0.13,0.84,8,General,Viện Dinh dưỡng Quốc gia,15056,2026-02-11T19:10:46Z
food_15057,food,v1,15057,Gà tần,Stewed chicken with medicinal herbs,Thức ăn truyền thống,Thức ăn truyền thống,100,per_100g,131.0,6.7,9.4,7.4,,131.0,0.0,0.84,8,General,Viện Dinh dưỡng Quốc gia,15057,2026-02-11T19:10:46Z
food_15058,food,v1,15058,Miến lươn,"Vermicelli made of cassava, with eels",Thức ăn truyền thống,Thức ăn truyền thống,100,per_100g,73.0,2.4,9.92,2.6,,72.68,0.44,0.84,8,General,Viện Dinh dưỡng Quốc gia,15058,2026-02-11T19:10:46Z
food_15059,food,v1,15059,Miến ngan,"Vermicelli made of cassava, with goose meat",Thức ăn truyền thống,Thức ăn truyền thống,100,per_100g,65.0,2.0,8.96,2.4,,65.44,0.68,0.84,8,General,Viện Dinh dưỡng Quốc gia,15059,2026-02-11T19:10:46Z
food_15060,food,v1,15060,Mỳ vằn thắn,Wonton soup,Thức ăn truyền thống,Thức ăn truyền thống,100,per_100g,81.0,2.6,10.58,3.1,,80.62,0.47,0.84,8,General,Viện Dinh dưỡng Quốc gia,15060,2026-02-11T19:10:46Z
food_15061,food,v1,15061,Mỳ xào,"Instant noodle, fried with vegetable and meat",Thức ăn truyền thống,Thức ăn truyền thống,100,per_100g,139.0,5.7,13.41,7.0,,139.44,0.32,0.84,8,General,Viện Dinh dưỡng Quốc gia,15061,2026-02-11T19:10:46Z
food_15062,food,v1,15062,Nem lụi,"Roll pork meat, grilled",Thức ăn truyền thống,Thức ăn truyền thống,100,per_100g,183.0,6.7,9.07,13.3,,182.78,0.12,0.84,8,General,Viện Dinh dưỡng Quốc gia,15062,2026-02-11T19:10:46Z
food_15063,food,v1,15063,Nem rán,"Spring roll, fried",Thức ăn truyền thống,Thức ăn truyền thống,100,per_100g,145.0,4.5,14.42,7.7,,144.98,0.01,0.84,8,General,Viện Dinh dưỡng Quốc gia,15063,2026-02-11T19:10:46Z
food_15064,food,v1,15064,Nộm tai lợn,Pork ear salad,Thức ăn truyền thống,Thức ăn truyền thống,100,per_100g,119.0,6.6,8.85,6.3,,118.5,0.42,0.84,8,General,Viện Dinh dưỡng Quốc gia,15064,2026-02-11T19:10:46Z
food_15065,food,v1,15065,Phở bò chín,"Rice noodle with beef, cooked",Thức ăn truyền thống,Thức ăn truyền thống,100,per_100g,73.0,5.2,11.1,0.9,,73.3,0.41,0.84,8,General,Viện Dinh dưỡng Quốc gia,15065,2026-02-11T19:10:46Z
food_15066,food,v1,15066,Phở bò tái,"Rice noodle with beef, rare",Thức ăn truyền thống,Thức ăn truyền thống,100,per_100g,67.0,4.3,11.8,0.3,,67.1,0.15,0.84,8,General,Viện Dinh dưỡng Quốc gia,15066,2026-02-11T19:10:46Z
food_15067,food,v1,15067,Phở gà,Rice noodle with chicken,Thức ăn truyền thống,Thức ăn truyền thống,100,per_100g,73.0,3.8,12.3,1.0,,73.4,0.55,0.84,8,General,Viện Dinh dưỡng Quốc gia,15067,2026-02-11T19:10:46Z
food_15068,food,v1,15068,Thịt xiên nướng,"Pork meat, grilled",Thức ăn truyền thống,Thức ăn truyền thống,100,per_100g,322.0,26.5,0.54,23.8,,322.36,0.11,0.84,8,General,Viện Dinh dưỡng Quốc gia,15068,2026-02-11T19:10:46Z
food_15069,food,v1,15069,Xôi đỗ xanh,"Sticky rice with mungbean, cooked",Thức ăn truyền thống,Thức ăn truyền thống,100,per_100g,230.0,5.5,51.0,0.4,,229.6,0.17,0.84,8,General,Viện Dinh dưỡng Quốc gia,15069,2026-02-11T19:10:46Z
food_15070,food,v1,15070,Xôi gấc,"Sticky rice with Gac fruit, cooked",Thức ăn truyền thống,Thức ăn truyền thống,100,per_100g,231.0,3.1,52.9,0.8,,231.2,0.09,0.84,8,General,Viện Dinh dưỡng Quốc gia,15070,2026-02-11T19:10:48Z
food_15071,food,v1,15071,Xôi lạc,"Sticky rice with peanut, cooked",Thức ăn truyền thống,Thức ăn truyền thống,100,per_100g,246.0,4.2,47.5,4.3,,245.5,0.2,0.84,8,General,Viện Dinh dưỡng Quốc gia,15071,2026-02-11T19:10:48Z
food_15072,food,v1,15072,Xôi ngô,"Sticky rice with corn, cooked",Thức ăn truyền thống,Thức ăn truyền thống,100,per_100g,198.0,4.4,36.0,4.0,,197.6,0.2,0.84,8,General,Viện Dinh dưỡng Quốc gia,15072,2026-02-11T19:10:48Z
food_15073,food,v1,15073,Xôi xéo,"Sticky rice with mungbean paste, cooked",Thức ăn truyền thống,Thức ăn truyền thống,100,per_100g,254.0,4.3,50.9,3.7,,254.1,0.04,0.84,8,General,Viện Dinh dưỡng Quốc gia,15073,2026-02-11T19:10:48Z
food_15074,food,v1,15074,Muối vừng,,Thức ăn truyền thống,Thức ăn truyền thống,100,per_100g,1.0,18.11,13.77,32.65,,421.37,42037.0,0.69,8,General,Viện Dinh dưỡng Quốc gia,15074,2026-02-11T19:10:48Z
food_15075,food,v1,15075,Cháo dinh dưỡng thịt bò,,Thức ăn truyền thống,Thức ăn truyền thống,100,per_100g,47.0,1.84,6.63,1.5,,47.38,0.81,0.84,8,General,Viện Dinh dưỡng Quốc gia,15075,2026-02-11T19:10:48Z
food_15076,food,v1,15076,Cháo dinh dưỡng tôm,,Thức ăn truyền thống,Thức ăn truyền thống,100,per_100g,47.0,1.84,6.63,1.5,,47.38,0.81,0.84,8,General,Viện Dinh dưỡng Quốc gia,15076,2026-02-11T19:10:48Z
food_15077,food,v1,15077,Bánh dày,,Thức ăn truyền thống,Thức ăn truyền thống,100,per_100g,156.0,3.3,28.71,3.1,,155.94,0.04,0.84,8,General,Viện Dinh dưỡng Quốc gia,15077,2026-02-11T19:10:48Z
food_15078,food,v1,15078,Xôi đỗ đen,,Thức ăn truyền thống,Thức ăn truyền thống,100,per_100g,230.0,5.5,51.0,0.4,,229.6,0.17,0.84,8,General,Viện Dinh dưỡng Quốc gia,15078,2026-02-11T19:10:48Z
food_2001,food,v1,2001,"Củ ấu, tươi","Water caltrop, buffalo nut, root, raw",Khoai củ và sản phẩm chế biến,Khoai củ và sản phẩm chế biến,100,per_100g,119.0,3.6,25.0,0.5,,118.9,0.08,0.84,8,General,Viện Dinh dưỡng Quốc gia,2001,2026-02-11T19:10:48Z
food_2002,food,v1,2002,"Củ cái, tươi","Winged yam, purple yam, root, raw",Khoai củ và sản phẩm chế biến,Khoai củ và sản phẩm chế biến,100,per_100g,134.0,3.1,30.18,0.12,,134.2,0.15,0.84,8,General,Viện Dinh dưỡng Quốc gia,2002,2026-02-11T19:10:48Z
food_2003,food,v1,2003,"Củ dong, tươi","Arrow root, raw",Khoai củ và sản phẩm chế biến,Khoai củ và sản phẩm chế biến,100,per_100g,129.0,1.4,30.8,,,128.8,0.16,0.69,8,General,Viện Dinh dưỡng Quốc gia,2003,2026-02-11T19:10:48Z
food_2003002,food,v1,2003002,Củ dong luộc,"Arrow root, boiled",Khoai củ và sản phẩm chế biến,Khoai củ và sản phẩm chế biến,100,per_100g,131.0,1.43,31.43,,,131.44,0.34,0.69,8,General,Viện Dinh dưỡng Quốc gia,2003002,2026-02-11T19:10:48Z
food_2004,food,v1,2004,"Củ sắn, tươi","Cassava, root, raw",Khoai củ và sản phẩm chế biến,Khoai củ và sản phẩm chế biến,100,per_100g,158.0,1.1,37.9,0.2,,157.8,0.13,0.84,8,General,Viện Dinh dưỡng Quốc gia,2004,2026-02-11T19:10:48Z
food_2004014,food,v1,2004014,Củ sắn nướng,"Cassava (manioc), roasted",Khoai củ và sản phẩm chế biến,Khoai củ và sản phẩm chế biến,100,per_100g,216.0,1.51,51.92,0.27,,216.15,0.07,0.84,8,General,Viện Dinh dưỡng Quốc gia,2004014,2026-02-11T19:10:48Z
food_2005,food,v1,2005,"Củ sắn dây, tươi","Kudzu root, Japanese arrowroot",Khoai củ và sản phẩm chế biến,Khoai củ và sản phẩm chế biến,100,per_100g,156.0,1.6,37.2,0.1,,156.1,0.06,0.84,8,General,Viện Dinh dưỡng Quốc gia,2005,2026-02-11T19:10:51Z
food_2005002,food,v1,2005002,"Củ sắn dây, luộc","Kudzu root (Japanese arrowroot), boiled",Khoai củ và sản phẩm chế biến,Khoai củ và sản phẩm chế biến,100,per_100g,152.0,1.55,36.12,0.1,,151.58,0.28,0.84,8,General,Viện Dinh dưỡng Quốc gia,2005002,2026-02-11T19:10:51Z
food_2006,food,v1,2006,"Củ súng, bóc vỏ, khô","Tropical water lilies root, peeled, dried",Khoai củ và sản phẩm chế biến,Khoai củ và sản phẩm chế biến,100,per_100g,359.0,16.1,72.6,0.5,,359.3,0.08,0.84,8,General,Viện Dinh dưỡng Quốc gia,2006,2026-02-11T19:10:51Z
food_2007,food,v1,2007,"Củ từ, tươi","Lesser Yam, raw",Khoai củ và sản phẩm chế biến,Khoai củ và sản phẩm chế biến,100,per_100g,97.0,1.5,22.7,,,96.8,0.21,0.69,8,General,Viện Dinh dưỡng Quốc gia,2007,2026-02-11T19:10:51Z
food_2007002,food,v1,2007002,Củ từ luộc,"Lesser Yam, boiled",Khoai củ và sản phẩm chế biến,Khoai củ và sản phẩm chế biến,100,per_100g,99.0,1.53,23.16,,,98.76,0.24,0.69,8,General,Viện Dinh dưỡng Quốc gia,2007002,2026-02-11T19:10:51Z
food_2008,food,v1,2008,"Khoai lang, tươi","Sweet potato, raw",Khoai củ và sản phẩm chế biến,Khoai củ và sản phẩm chế biến,100,per_100g,124.0,0.8,29.8,0.2,,124.2,0.16,0.84,8,General,Viện Dinh dưỡng Quốc gia,2008,2026-02-11T19:10:51Z
food_2008002,food,v1,2008002,"Khoai lang, luộc","Sweet potato, boiled ",Khoai củ và sản phẩm chế biến,Khoai củ và sản phẩm chế biến,100,per_100g,122.0,0.78,29.22,0.2,,121.8,0.16,0.84,8,General,Viện Dinh dưỡng Quốc gia,2008002,2026-02-11T19:10:51Z
food_2008014,food,v1,2008014,"Khoai lang, nướng ","Sweet potato, roasted",Khoai củ và sản phẩm chế biến,Khoai củ và sản phẩm chế biến,100,per_100g,170.0,1.1,40.82,0.27,,170.11,0.06,0.84,8,General,Viện Dinh dưỡng Quốc gia,2008014,2026-02-11T19:10:51Z
food_2009,food,v1,2009,"Khoai lang nghệ, tươi","Sweet potato, yellow, raw",Khoai củ và sản phẩm chế biến,Khoai củ và sản phẩm chế biến,100,per_100g,119.0,1.2,27.9,0.3,,119.1,0.08,0.84,8,General,Viện Dinh dưỡng Quốc gia,2009,2026-02-11T19:10:51Z
food_2010,food,v1,2010,"Khoai môn, tươi","Taro, Indian taro, raw",Khoai củ và sản phẩm chế biến,Khoai củ và sản phẩm chế biến,100,per_100g,113.0,1.5,26.4,0.2,,113.4,0.35,0.84,8,General,Viện Dinh dưỡng Quốc gia,2010,2026-02-11T19:10:51Z
food_2011,food,v1,2011,"Khoai nước, tươi","Water taro, raw",Khoai củ và sản phẩm chế biến,Khoai củ và sản phẩm chế biến,100,per_100g,106.0,1.0,25.3,0.1,,106.1,0.09,0.84,8,General,Viện Dinh dưỡng Quốc gia,2011,2026-02-11T19:10:51Z
food_2012,food,v1,2012,"Khoai riềng, tươi","Edible canna, raw",Khoai củ và sản phẩm chế biến,Khoai củ và sản phẩm chế biến,100,per_100g,114.0,0.8,27.6,,,113.6,0.35,0.69,8,General,Viện Dinh dưỡng Quốc gia,2012,2026-02-11T19:10:51Z
food_2012002,food,v1,2012002,Khoai riềng luộc,"Edible canna, boiled",Khoai củ và sản phẩm chế biến,Khoai củ và sản phẩm chế biến,100,per_100g,116.0,0.82,28.16,,,115.92,0.07,0.69,8,General,Viện Dinh dưỡng Quốc gia,2012002,2026-02-11T19:10:51Z
food_2013,food,v1,2013,"Khoai sọ, tươi","Taro tuber, raw",Khoai củ và sản phẩm chế biến,Khoai củ và sản phẩm chế biến,100,per_100g,119.0,1.8,27.7,0.1,,118.9,0.08,0.84,8,General,Viện Dinh dưỡng Quốc gia,2013,2026-02-11T19:10:51Z
food_2013002,food,v1,2013002,"Khoai sọ, luộc","Taro tuber, boiled",Khoai củ và sản phẩm chế biến,Khoai củ và sản phẩm chế biến,100,per_100g,121.0,1.84,28.27,0.1,,121.34,0.28,0.84,8,General,Viện Dinh dưỡng Quốc gia,2013002,2026-02-11T19:10:51Z
food_2014,food,v1,2014,"Khoai tây, tươi","Potato, white, raw",Khoai củ và sản phẩm chế biến,Khoai củ và sản phẩm chế biến,100,per_100g,96.0,2.0,21.93,0.07,,96.35,0.36,0.84,8,General,Viện Dinh dưỡng Quốc gia,2014,2026-02-11T19:10:53Z
food_2014002,food,v1,2014002,"Khoai tây, luộc","Potato (white), boiled",Khoai củ và sản phẩm chế biến,Khoai củ và sản phẩm chế biến,100,per_100g,104.0,2.17,23.91,,,104.32,0.31,0.69,8,General,Viện Dinh dưỡng Quốc gia,2014002,2026-02-11T19:10:53Z
food_2015,food,v1,2015,"Miến dong, khô","Vermicelli from arrow root, raw",Khoai củ và sản phẩm chế biến,Khoai củ và sản phẩm chế biến,100,per_100g,338.0,0.6,83.7,0.1,,338.1,0.03,0.84,8,General,Viện Dinh dưỡng Quốc gia,2015,2026-02-11T19:10:53Z
food_2016,food,v1,2016,Bột dong lọc,Arrow root flour,Khoai củ và sản phẩm chế biến,Khoai củ và sản phẩm chế biến,100,per_100g,343.0,0.6,85.2,,,343.2,0.06,0.69,8,General,Viện Dinh dưỡng Quốc gia,2016,2026-02-11T19:10:53Z
food_2017,food,v1,2017,Bột khoai lang,Sweet potato flour,Khoai củ và sản phẩm chế biến,Khoai củ và sản phẩm chế biến,100,per_100g,341.0,2.2,81.8,0.5,,340.5,0.15,0.84,8,General,Viện Dinh dưỡng Quốc gia,2017,2026-02-11T19:10:53Z
food_2018,food,v1,2018,Bột khoai riềng (bột đao),Edible canna flour,Khoai củ và sản phẩm chế biến,Khoai củ và sản phẩm chế biến,100,per_100g,343.0,0.2,85.6,,,343.2,0.06,0.69,8,General,Viện Dinh dưỡng Quốc gia,2018,2026-02-11T19:10:53Z
food_2019,food,v1,2019,Bột khoai tây (lọc),White potato flour,Khoai củ và sản phẩm chế biến,Khoai củ và sản phẩm chế biến,100,per_100g,346.0,1.0,84.85,0.25,,345.65,0.1,0.84,8,General,Viện Dinh dưỡng Quốc gia,2019,2026-02-11T19:10:53Z
food_2020,food,v1,2020,Bột sắn,Cassava flour,Khoai củ và sản phẩm chế biến,Khoai củ và sản phẩm chế biến,100,per_100g,341.0,2.4,81.8,0.5,,341.3,0.09,0.84,8,General,Viện Dinh dưỡng Quốc gia,2020,2026-02-11T19:10:53Z
food_2021,food,v1,2021,Bột sắn dây,Kudzu root flour,Khoai củ và sản phẩm chế biến,Khoai củ và sản phẩm chế biến,100,per_100g,343.0,0.7,85.1,,,343.2,0.06,0.69,8,General,Viện Dinh dưỡng Quốc gia,2021,2026-02-11T19:10:53Z
food_2022,food,v1,2022,"Khoai lang, khô","Sweet potato, dried",Khoai củ và sản phẩm chế biến,Khoai củ và sản phẩm chế biến,100,per_100g,348.0,2.2,83.6,0.5,,347.7,0.09,0.84,8,General,Viện Dinh dưỡng Quốc gia,2022,2026-02-11T19:10:53Z
food_2023,food,v1,2023,"Khoai tây, khô","White potato, dried",Khoai củ và sản phẩm chế biến,Khoai củ và sản phẩm chế biến,100,per_100g,343.0,6.6,78.5,0.3,,343.1,0.03,0.84,8,General,Viện Dinh dưỡng Quốc gia,2023,2026-02-11T19:10:53Z
food_2024,food,v1,2024,"Khoai tây lát, chiên","Potato crisp, fried",Khoai củ và sản phẩm chế biến,Khoai củ và sản phẩm chế biến,100,per_100g,550.0,2.2,55.6,35.4,,549.8,0.04,0.84,8,General,Viện Dinh dưỡng Quốc gia,2024,2026-02-11T19:10:53Z
food_2025,food,v1,2025,"Sắn, củ, khô","Cassava, dried",Khoai củ và sản phẩm chế biến,Khoai củ và sản phẩm chế biến,100,per_100g,352.0,3.0,83.3,0.7,,351.5,0.14,0.84,8,General,Viện Dinh dưỡng Quốc gia,2025,2026-02-11T19:10:53Z
food_2026,food,v1,2026,Trân châu sắn,Tapioca,Khoai củ và sản phẩm chế biến,Khoai củ và sản phẩm chế biến,100,per_100g,344.0,1.0,84.9,,,343.6,0.12,0.69,8,General,Viện Dinh dưỡng Quốc gia,2026,2026-02-11T19:10:53Z
food_2026002,food,v1,2026002,Trân châu sắn luộc ,"Tapioca, boiled",Khoai củ và sản phẩm chế biến,Khoai củ và sản phẩm chế biến,100,per_100g,344.0,1.0,84.9,,,343.6,0.12,0.69,8,General,Viện Dinh dưỡng Quốc gia,2026002,2026-02-11T19:10:53Z
food_3001,food,v1,3001,"Cùi dừa già, tươi","Coconut meat, mature, raw","Hạt, quả giàu đạm, béo và sản phẩm chế biến","Hạt, quả giàu đạm, béo và sản phẩm chế biến",100,per_100g,385.0,4.8,10.4,36.0,,384.8,0.05,0.84,8,General,Viện Dinh dưỡng Quốc gia,3001,2026-02-11T19:10:56Z
food_3002,food,v1,3002,"Cùi dừa non, tươi","Coconut meat, immature, raw","Hạt, quả giàu đạm, béo và sản phẩm chế biến","Hạt, quả giàu đạm, béo và sản phẩm chế biến",100,per_100g,54.0,3.5,6.1,1.7,,53.7,0.56,0.84,8,General,Viện Dinh dưỡng Quốc gia,3002,2026-02-11T19:10:56Z
food_3003,food,v1,3003,"Đậu cô ve, hạt, khô","Common bean, seed, dried","Hạt, quả giàu đạm, béo và sản phẩm chế biến","Hạt, quả giàu đạm, béo và sản phẩm chế biến",100,per_100g,335.0,21.8,58.4,1.6,,335.2,0.06,0.84,8,General,Viện Dinh dưỡng Quốc gia,3003,2026-02-11T19:10:56Z
food_3004,food,v1,3004,"Đậu đen, hạt, khô","Black bean, seed, dried","Hạt, quả giàu đạm, béo và sản phẩm chế biến","Hạt, quả giàu đạm, béo và sản phẩm chế biến",100,per_100g,341.0,24.2,57.3,1.7,,341.3,0.09,0.84,8,General,Viện Dinh dưỡng Quốc gia,3004,2026-02-11T19:10:56Z
food_3005,food,v1,3005,"Đậu đũa, hạt, khô","Yardlong bean, seed, dried","Hạt, quả giàu đạm, béo và sản phẩm chế biến","Hạt, quả giàu đạm, béo và sản phẩm chế biến",100,per_100g,338.0,23.7,56.2,2.0,,337.6,0.12,0.84,8,General,Viện Dinh dưỡng Quốc gia,3005,2026-02-11T19:10:56Z
food_3006,food,v1,3006,"Đậu Hà lan, hạt, khô","Field peas, seed, dried","Hạt, quả giàu đạm, béo và sản phẩm chế biến","Hạt, quả giàu đạm, béo và sản phẩm chế biến",100,per_100g,342.0,22.2,60.1,1.4,,341.8,0.06,0.84,8,General,Viện Dinh dưỡng Quốc gia,3006,2026-02-11T19:10:56Z
food_3007,food,v1,3007,"Đậu tương, đậu nành, hạt khô","Soybean, seed, dried","Hạt, quả giàu đạm, béo và sản phẩm chế biến","Hạt, quả giàu đạm, béo và sản phẩm chế biến",100,per_100g,418.0,34.0,29.1,18.4,,418.0,0.0,0.84,8,General,Viện Dinh dưỡng Quốc gia,3007,2026-02-11T19:10:56Z
food_3008,food,v1,3008,"Đậu trắng (đậu tây), hạt, khô","Kidney bean, white bean, seed, dried","Hạt, quả giàu đạm, béo và sản phẩm chế biến","Hạt, quả giàu đạm, béo và sản phẩm chế biến",100,per_100g,341.0,23.2,57.4,2.1,,341.3,0.09,0.84,8,General,Viện Dinh dưỡng Quốc gia,3008,2026-02-11T19:10:56Z
food_3009,food,v1,3009,"Đậu trứng cuốc, hạt, khô",,"Hạt, quả giàu đạm, béo và sản phẩm chế biến","Hạt, quả giàu đạm, béo và sản phẩm chế biến",100,per_100g,340.0,25.8,54.8,2.0,,340.4,0.12,0.84,8,General,Viện Dinh dưỡng Quốc gia,3009,2026-02-11T19:10:56Z
food_3010,food,v1,3010,"Đậu xanh (đậu tắt), hạt, khô",Mungo bean,"Hạt, quả giàu đạm, béo và sản phẩm chế biến","Hạt, quả giàu đạm, béo và sản phẩm chế biến",100,per_100g,346.0,23.4,57.8,2.4,,346.4,0.12,0.84,8,General,Viện Dinh dưỡng Quốc gia,3010,2026-02-11T19:10:56Z
food_3011,food,v1,3011,"Hạt dẻ to, khô","Chestnut, dried","Hạt, quả giàu đạm, béo và sản phẩm chế biến","Hạt, quả giàu đạm, béo và sản phẩm chế biến",100,per_100g,652.0,18.0,12.2,59.0,,651.8,0.03,0.84,8,General,Viện Dinh dưỡng Quốc gia,3011,2026-02-11T19:10:56Z
food_3012,food,v1,3012,"Hạt dẻ to, tươi","Chestnut, fresh","Hạt, quả giàu đạm, béo và sản phẩm chế biến","Hạt, quả giàu đạm, béo và sản phẩm chế biến",100,per_100g,223.0,4.2,49.07,1.11,,223.07,0.03,0.84,8,General,Viện Dinh dưỡng Quốc gia,3012,2026-02-11T19:10:56Z
food_3013,food,v1,3013,"Hạt dẻ, khô","Chestnut, small, dried","Hạt, quả giàu đạm, béo và sản phẩm chế biến","Hạt, quả giàu đạm, béo và sản phẩm chế biến",100,per_100g,363.0,6.82,79.76,1.81,,362.61,0.11,0.84,8,General,Viện Dinh dưỡng Quốc gia,3013,2026-02-11T19:10:56Z
food_3014,food,v1,3014,"Hạt đen, khô",,"Hạt, quả giàu đạm, béo và sản phẩm chế biến","Hạt, quả giàu đạm, béo và sản phẩm chế biến",100,per_100g,486.0,17.3,39.0,29.0,,486.2,0.04,0.84,8,General,Viện Dinh dưỡng Quốc gia,3014,2026-02-11T19:10:56Z
food_3015,food,v1,3015,"Hạt điều, khô ","Cashew nut, dried","Hạt, quả giàu đạm, béo và sản phẩm chế biến","Hạt, quả giàu đạm, béo và sản phẩm chế biến",100,per_100g,608.0,18.4,29.3,46.3,,607.5,0.08,0.84,8,General,Viện Dinh dưỡng Quốc gia,3015,2026-02-11T19:10:56Z
food_3016,food,v1,3016,"Hạt mít, tươi","Jack fruit, seed, raw","Hạt, quả giàu đạm, béo và sản phẩm chế biến","Hạt, quả giàu đạm, béo và sản phẩm chế biến",100,per_100g,166.0,0.7,38.3,1.1,,165.9,0.06,0.84,8,General,Viện Dinh dưỡng Quốc gia,3016,2026-02-11T19:10:58Z
food_3017,food,v1,3017,"Lạc hạt, khô","Peanut, dried","Hạt, quả giàu đạm, béo và sản phẩm chế biến","Hạt, quả giàu đạm, béo và sản phẩm chế biến",100,per_100g,583.0,27.5,18.0,44.5,,582.5,0.09,0.84,8,General,Viện Dinh dưỡng Quốc gia,3017,2026-02-11T19:10:58Z
food_3017011,food,v1,3017011,Lạc rang dầu,,"Hạt, quả giàu đạm, béo và sản phẩm chế biến","Hạt, quả giàu đạm, béo và sản phẩm chế biến",100,per_100g,1.0,,18.0,44.5,,472.5,47150.0,0.54,8,General,Viện Dinh dưỡng Quốc gia,3017011,2026-02-11T19:10:58Z
food_3018,food,v1,3018,"Quả cọ, tươi","Palm fruit, fresh","Hạt, quả giàu đạm, béo và sản phẩm chế biến","Hạt, quả giàu đạm, béo và sản phẩm chế biến",100,per_100g,192.0,2.3,15.6,13.4,,192.2,0.1,0.84,8,General,Viện Dinh dưỡng Quốc gia,3018,2026-02-11T19:10:58Z
food_3019,food,v1,3019,"Quả đại hái, tươi","Hodgsonia fruit, raw","Hạt, quả giàu đạm, béo và sản phẩm chế biến","Hạt, quả giàu đạm, béo và sản phẩm chế biến",100,per_100g,440.0,20.0,4.6,38.0,,440.4,0.09,0.84,8,General,Viện Dinh dưỡng Quốc gia,3019,2026-02-11T19:10:58Z
food_3020,food,v1,3020,"Vừng (đen, trắng), hạt, khô","Sesame seeds, dried, black or white","Hạt, quả giàu đạm, béo và sản phẩm chế biến","Hạt, quả giàu đạm, béo và sản phẩm chế biến",100,per_100g,582.0,20.1,21.1,46.4,,582.4,0.07,0.84,8,General,Viện Dinh dưỡng Quốc gia,3020,2026-02-11T19:10:58Z
food_3020011,food,v1,3020011,Vừng rang,Sesame seed (stirred),"Hạt, quả giàu đạm, béo và sản phẩm chế biến","Hạt, quả giàu đạm, béo và sản phẩm chế biến",100,per_100g,607.0,20.94,21.98,48.33,,606.65,0.06,0.84,8,General,Viện Dinh dưỡng Quốc gia,3020011,2026-02-11T19:10:58Z
food_3021,food,v1,3021,"Bột đậu tương, đã loại béo","Soyflour, defatted","Hạt, quả giàu đạm, béo và sản phẩm chế biến","Hạt, quả giàu đạm, béo và sản phẩm chế biến",100,per_100g,331.0,49.0,31.5,1.0,,331.0,0.0,0.84,8,General,Viện Dinh dưỡng Quốc gia,3021,2026-02-11T19:10:58Z
food_3022,food,v1,3022,"Bột đậu tương, rang chín","Soybeans, roasted,  flour","Hạt, quả giàu đạm, béo và sản phẩm chế biến","Hạt, quả giàu đạm, béo và sản phẩm chế biến",100,per_100g,428.0,41.0,25.4,18.0,,427.6,0.09,0.84,8,General,Viện Dinh dưỡng Quốc gia,3022,2026-02-11T19:10:58Z
food_3023,food,v1,3023,Bột đậu xanh,Mungo bean flour,"Hạt, quả giàu đạm, béo và sản phẩm chế biến","Hạt, quả giàu đạm, béo và sản phẩm chế biến",100,per_100g,363.0,24.6,60.4,2.5,,362.5,0.14,0.84,8,General,Viện Dinh dưỡng Quốc gia,3023,2026-02-11T19:10:58Z
food_3024,food,v1,3024,Bột lạc,Peanut flour,"Hạt, quả giàu đạm, béo và sản phẩm chế biến","Hạt, quả giàu đạm, béo và sản phẩm chế biến",100,per_100g,583.0,27.5,17.1,45.0,,583.4,0.07,0.84,8,General,Viện Dinh dưỡng Quốc gia,3024,2026-02-11T19:10:58Z
food_3025,food,v1,3025,"Đậu phụ, sống","Tofu, raw","Hạt, quả giàu đạm, béo và sản phẩm chế biến","Hạt, quả giàu đạm, béo và sản phẩm chế biến",100,per_100g,97.0,10.9,1.1,5.4,,96.6,0.41,0.84,8,General,Viện Dinh dưỡng Quốc gia,3025,2026-02-11T19:10:58Z
food_3025002,food,v1,3025002,Đậu phụ luộc,"Tofu, boiled ","Hạt, quả giàu đạm, béo và sản phẩm chế biến","Hạt, quả giàu đạm, béo và sản phẩm chế biến",100,per_100g,98.0,11.01,1.11,5.45,,97.53,0.48,0.84,8,General,Viện Dinh dưỡng Quốc gia,3025002,2026-02-11T19:10:58Z
food_3026,food,v1,3026,"Đậu phụ chúc, sống","Tofu skin, yuba, bean curd skin, bean curd sheet, raw","Hạt, quả giàu đạm, béo và sản phẩm chế biến","Hạt, quả giàu đạm, béo và sản phẩm chế biến",100,per_100g,415.0,50.2,6.8,20.8,,415.2,0.05,0.84,8,General,Viện Dinh dưỡng Quốc gia,3026,2026-02-11T19:10:58Z
food_3027,food,v1,3027,"Đậu phụ, nướng","Tofu, grilled","Hạt, quả giàu đạm, béo và sản phẩm chế biến","Hạt, quả giàu đạm, béo và sản phẩm chế biến",100,per_100g,116.0,13.4,1.3,6.4,,116.4,0.34,0.84,8,General,Viện Dinh dưỡng Quốc gia,3027,2026-02-11T19:10:58Z
food_3028,food,v1,3028,"Hạt bí đỏ, rang","Pumpkin seeds, fried","Hạt, quả giàu đạm, béo và sản phẩm chế biến","Hạt, quả giàu đạm, béo và sản phẩm chế biến",100,per_100g,528.0,35.1,25.3,31.8,,527.8,0.04,0.84,8,General,Viện Dinh dưỡng Quốc gia,3028,2026-02-11T19:11:01Z
food_3029,food,v1,3029,"Hạt dưa hấu, rang","Water melon seeds, fried","Hạt, quả giàu đạm, béo và sản phẩm chế biến","Hạt, quả giàu đạm, béo và sản phẩm chế biến",100,per_100g,558.0,31.8,19.8,39.1,,558.3,0.05,0.84,8,General,Viện Dinh dưỡng Quốc gia,3029,2026-02-11T19:11:01Z
food_3030,food,v1,3030,"Hạt điều khô, chiên dầu","Cashew nut, roasted with oil","Hạt, quả giàu đạm, béo và sản phẩm chế biến","Hạt, quả giàu đạm, béo và sản phẩm chế biến",100,per_100g,585.0,18.3,17.1,49.3,,585.3,0.05,0.84,8,General,Viện Dinh dưỡng Quốc gia,3030,2026-02-11T19:11:01Z
food_3031,food,v1,3031,Sữa bột đậu nành,"Milk powder, soy flour and sugar","Hạt, quả giàu đạm, béo và sản phẩm chế biến","Hạt, quả giàu đạm, béo và sản phẩm chế biến",100,per_100g,413.0,31.1,50.4,9.7,,413.3,0.07,0.84,8,General,Viện Dinh dưỡng Quốc gia,3031,2026-02-11T19:11:01Z
food_3032,food,v1,3032,Sữa đậu nành (100g đậu/lít),Soymilk (100 g soybean/L),"Hạt, quả giàu đạm, béo và sản phẩm chế biến","Hạt, quả giàu đạm, béo và sản phẩm chế biến",100,per_100g,29.0,3.1,0.5,1.6,,28.8,0.69,0.84,8,General,Viện Dinh dưỡng Quốc gia,3032,2026-02-11T19:11:01Z
food_3033,food,v1,3033,Tào phớ,Soybean curd in light syrup ,"Hạt, quả giàu đạm, béo và sản phẩm chế biến","Hạt, quả giàu đạm, béo và sản phẩm chế biến",100,per_100g,46.0,3.8,4.7,1.2,,44.8,2.61,0.84,8,General,Viện Dinh dưỡng Quốc gia,3033,2026-02-11T19:11:01Z
food_3036002,food,v1,3036002,Đậu ngự luộc,"Bean, lima bean, boiled","Hạt, quả giàu đạm, béo và sản phẩm chế biến","Hạt, quả giàu đạm, béo và sản phẩm chế biến",100,per_100g,136.0,9.68,23.4,0.4,,135.92,0.06,0.84,8,General,Viện Dinh dưỡng Quốc gia,3036002,2026-02-11T19:11:01Z
food_3037002,food,v1,3037002,Đậu ván luộc,"Bean, lablab bean, boiled","Hạt, quả giàu đạm, béo và sản phẩm chế biến","Hạt, quả giàu đạm, béo và sản phẩm chế biến",100,per_100g,16.0,1.12,2.8,,,15.68,2.0,0.69,8,General,Viện Dinh dưỡng Quốc gia,3037002,2026-02-11T19:11:01Z
food_3038,food,v1,3038,Đậu phụ non Tứ Xuyên,,"Hạt, quả giàu đạm, béo và sản phẩm chế biến","Hạt, quả giàu đạm, béo và sản phẩm chế biến",100,per_100g,97.0,10.9,1.1,5.4,,96.6,0.41,0.84,8,General,Viện Dinh dưỡng Quốc gia,3038,2026-02-11T19:11:01Z
food_3039002,food,v1,3039002,Hạt sen tươi luộc,"Lotus seed, fresh, boiled","Hạt, quả giàu đạm, béo và sản phẩm chế biến","Hạt, quả giàu đạm, béo và sản phẩm chế biến",100,per_100g,172.0,9.5,30.8,1.17,,171.73,0.16,0.84,8,General,Viện Dinh dưỡng Quốc gia,3039002,2026-02-11T19:11:01Z
food_3041011,food,v1,3041011,Hạt hướng dương rang,"Sunflower seeds, stirred","Hạt, quả giàu đạm, béo và sản phẩm chế biến","Hạt, quả giàu đạm, béo và sản phẩm chế biến",100,per_100g,652.0,21.65,20.83,53.6,,652.32,0.05,0.84,8,General,Viện Dinh dưỡng Quốc gia,3041011,2026-02-11T19:11:01Z
food_3042011,food,v1,3042011,Hạt hạnh nhân rang,"Almonds dried, stirred","Hạt, quả giàu đạm, béo và sản phẩm chế biến","Hạt, quả giàu đạm, béo và sản phẩm chế biến",100,per_100g,652.0,21.23,17.68,55.17,,652.17,0.03,0.84,8,General,Viện Dinh dưỡng Quốc gia,3042011,2026-02-11T19:11:01Z
food_3043011,food,v1,3043011,Hạt óc chó rang,"Walnuts dried, stirred","Hạt, quả giàu đạm, béo và sản phẩm chế biến","Hạt, quả giàu đạm, béo và sản phẩm chế biến",100,per_100g,703.0,15.23,13.71,65.21,,702.65,0.05,0.84,8,General,Viện Dinh dưỡng Quốc gia,3043011,2026-02-11T19:11:01Z
food_3044011,food,v1,3044011,Hạt macca rang,"Macadamia nut dried, stirred","Hạt, quả giàu đạm, béo và sản phẩm chế biến","Hạt, quả giàu đạm, béo và sản phẩm chế biến",100,per_100g,767.0,7.79,12.83,76.08,,767.2,0.03,0.84,8,General,Viện Dinh dưỡng Quốc gia,3044011,2026-02-11T19:11:01Z
food_3046011,food,v1,3046011,Hạt dẻ cười rang,"Pistachio dried, stirred","Hạt, quả giàu đạm, béo và sản phẩm chế biến","Hạt, quả giàu đạm, béo và sản phẩm chế biến",100,per_100g,610.0,21.05,28.28,45.82,,609.7,0.05,0.84,8,General,Viện Dinh dưỡng Quốc gia,3046011,2026-02-11T19:11:01Z
food_4001,food,v1,4001,"Quả bầu, tươi","Calabash, Bottle gourd, raw","Rau, quả, củ dùng làm rau","Rau, quả, củ dùng làm rau",100,per_100g,18.0,0.6,3.88,0.02,,18.1,0.56,0.84,8,General,Viện Dinh dưỡng Quốc gia,4001,2026-02-11T19:11:03Z
food_4001002,food,v1,4001002,"Bầu, luộc","Calabash  (Bottle gourd), boiled","Rau, quả, củ dùng làm rau","Rau, quả, củ dùng làm rau",100,per_100g,19.0,0.65,4.19,,,19.36,1.89,0.69,8,General,Viện Dinh dưỡng Quốc gia,4001002,2026-02-11T19:11:03Z
food_4002,food,v1,4002,"Quả bí đao (bí xanh), tươi","Asgourd, winter melon, raw","Rau, quả, củ dùng làm rau","Rau, quả, củ dùng làm rau",100,per_100g,16.0,0.6,3.4,,,16.0,0.0,0.69,8,General,Viện Dinh dưỡng Quốc gia,4002,2026-02-11T19:11:03Z
food_4002002,food,v1,4002002,"Bí đao (bí xanh), luộc","Asgourd Waxgoured, boiled","Rau, quả, củ dùng làm rau","Rau, quả, củ dùng làm rau",100,per_100g,17.0,0.63,3.58,,,16.84,0.94,0.69,8,General,Viện Dinh dưỡng Quốc gia,4002002,2026-02-11T19:11:03Z
food_4003,food,v1,4003,"Quả bí ngô, tươi","Pumpkin squash, raw","Rau, quả, củ dùng làm rau","Rau, quả, củ dùng làm rau",100,per_100g,29.0,0.3,6.83,0.07,,29.15,0.52,0.84,8,General,Viện Dinh dưỡng Quốc gia,4003,2026-02-11T19:11:03Z
food_4003002,food,v1,4003002,"Bí ngô, luộc","Pumpkin squash, boiled","Rau, quả, củ dùng làm rau","Rau, quả, củ dùng làm rau",100,per_100g,35.0,0.34,7.75,0.34,,35.42,1.2,0.84,8,General,Viện Dinh dưỡng Quốc gia,4003002,2026-02-11T19:11:03Z
food_4004,food,v1,4004,"Quả cà bát, tươi","Egg plant, large round, raw","Rau, quả, củ dùng làm rau","Rau, quả, củ dùng làm rau",100,per_100g,28.0,1.2,5.57,0.13,,28.25,0.89,0.84,8,General,Viện Dinh dưỡng Quốc gia,4004,2026-02-11T19:11:03Z
food_4004002,food,v1,4004002,"Cà bát, luộc","Egg plant large round, boiled","Rau, quả, củ dùng làm rau","Rau, quả, củ dùng làm rau",100,per_100g,36.0,1.52,7.22,0.13,,36.13,0.36,0.84,8,General,Viện Dinh dưỡng Quốc gia,4004002,2026-02-11T19:11:03Z
food_4005,food,v1,4005,"Quả cà chua, tươi","Tomato, raw","Rau, quả, củ dùng làm rau","Rau, quả, củ dùng làm rau",100,per_100g,24.0,0.6,4.77,0.23,,23.55,1.87,0.84,8,General,Viện Dinh dưỡng Quốc gia,4005,2026-02-11T19:11:03Z
food_4006,food,v1,4006,"Quả cà pháo, tươi","Egg plant - small, raw","Rau, quả, củ dùng làm rau","Rau, quả, củ dùng làm rau",100,per_100g,27.0,1.5,5.2,,,26.8,0.74,0.69,8,General,Viện Dinh dưỡng Quốc gia,4006,2026-02-11T19:11:03Z
food_4007,food,v1,4007,"Củ cà rốt, tươi","Carrots, all variety, raw","Rau, quả, củ dùng làm rau","Rau, quả, củ dùng làm rau",100,per_100g,44.0,1.5,9.03,0.17,,43.65,0.8,0.84,8,General,Viện Dinh dưỡng Quốc gia,4007,2026-02-11T19:11:03Z
food_4007002,food,v1,4007002,"Cà rốt (củ đỏ, vàng), luộc","Carrots, boiled","Rau, quả, củ dùng làm rau","Rau, quả, củ dùng làm rau",100,per_100g,47.0,1.6,9.79,0.21,,47.45,0.96,0.84,8,General,Viện Dinh dưỡng Quốc gia,4007002,2026-02-11T19:11:03Z
food_4008,food,v1,4008,"Củ cà rốt, khô","Carrot, dried","Rau, quả, củ dùng làm rau","Rau, quả, củ dùng làm rau",100,per_100g,330.0,9.2,70.0,1.5,,330.3,0.09,0.84,8,General,Viện Dinh dưỡng Quốc gia,4008,2026-02-11T19:11:03Z
food_4009,food,v1,4009,"Quả cà tím, tươi","Aubergine, raw","Rau, quả, củ dùng làm rau","Rau, quả, củ dùng làm rau",100,per_100g,28.0,1.0,6.0,,,28.0,0.0,0.69,8,General,Viện Dinh dưỡng Quốc gia,4009,2026-02-11T19:11:03Z
food_4009002,food,v1,4009002,"Cà tím, luộc","Aubergine, boiled","Rau, quả, củ dùng làm rau","Rau, quả, củ dùng làm rau",100,per_100g,37.0,1.27,7.59,0.13,,36.61,1.05,0.84,8,General,Viện Dinh dưỡng Quốc gia,4009002,2026-02-11T19:11:03Z
food_4010,food,v1,4010,"Cải bắp trắng, tươi","Cabbage, common, raw","Rau, quả, củ dùng làm rau","Rau, quả, củ dùng làm rau",100,per_100g,36.0,1.8,6.91,0.09,,35.65,0.97,0.84,8,General,Viện Dinh dưỡng Quốc gia,4010,2026-02-11T19:11:06Z
food_4010002,food,v1,4010002,"Cải bắp, luộc","Cabbage, white/green, boiled","Rau, quả, củ dùng làm rau","Rau, quả, củ dùng làm rau",100,per_100g,41.0,1.96,7.61,0.33,,41.25,0.61,0.84,8,General,Viện Dinh dưỡng Quốc gia,4010002,2026-02-11T19:11:06Z
food_4011,food,v1,4011,"Cải bắp đỏ, tươi","Cabbage, red, raw","Rau, quả, củ dùng làm rau","Rau, quả, củ dùng làm rau",100,per_100g,61.0,1.9,13.0,0.2,,61.4,0.66,0.84,8,General,Viện Dinh dưỡng Quốc gia,4011,2026-02-11T19:11:06Z
food_4011002,food,v1,4011002,"Cải bắp đỏ, luộc","Cabbage, red, boiled","Rau, quả, củ dùng làm rau","Rau, quả, củ dùng làm rau",100,per_100g,67.0,2.07,14.13,0.22,,66.78,0.33,0.84,8,General,Viện Dinh dưỡng Quốc gia,4011002,2026-02-11T19:11:06Z
food_4012,food,v1,4012,"Cải bắp trắng, khô","Cabbage, dried","Rau, quả, củ dùng làm rau","Rau, quả, củ dùng làm rau",100,per_100g,301.0,18.0,53.7,1.6,,301.2,0.07,0.84,8,General,Viện Dinh dưỡng Quốc gia,4012,2026-02-11T19:11:06Z
food_4013,food,v1,4013,"Cải cúc, tươi","Crown daisy, raw","Rau, quả, củ dùng làm rau","Rau, quả, củ dùng làm rau",100,per_100g,22.0,1.6,3.9,,,22.0,0.0,0.69,8,General,Viện Dinh dưỡng Quốc gia,4013,2026-02-11T19:11:06Z
food_4014,food,v1,4014,"Cải soong, tươi","Water cress, raw","Rau, quả, củ dùng làm rau","Rau, quả, củ dùng làm rau",100,per_100g,22.0,2.1,3.33,0.07,,22.35,1.59,0.84,8,General,Viện Dinh dưỡng Quốc gia,4014,2026-02-11T19:11:06Z
food_4015,food,v1,4015,"Cải thìa (cải trắng), tươi","Chinese cabbage, raw","Rau, quả, củ dùng làm rau","Rau, quả, củ dùng làm rau",100,per_100g,24.0,1.4,4.26,0.14,,23.9,0.42,0.84,8,General,Viện Dinh dưỡng Quốc gia,4015,2026-02-11T19:11:06Z
food_4015002,food,v1,4015002,"Cải thìa (cải trắng), luộc","Brassica, Bok choy (pak choi), boiled","Rau, quả, củ dùng làm rau","Rau, quả, củ dùng làm rau",100,per_100g,28.0,1.57,4.94,0.22,,28.02,0.07,0.84,8,General,Viện Dinh dưỡng Quốc gia,4015002,2026-02-11T19:11:06Z
food_4016,food,v1,4016,"Cải xanh, tươi","Mustard greens,   raw","Rau, quả, củ dùng làm rau","Rau, quả, củ dùng làm rau",100,per_100g,23.0,1.7,3.76,0.14,,23.1,0.43,0.84,8,General,Viện Dinh dưỡng Quốc gia,4016,2026-02-11T19:11:06Z
food_4016002,food,v1,4016002,"Cải xanh, luộc","Brassica, Mustard greens, Indian mustard, boiled","Rau, quả, củ dùng làm rau","Rau, quả, củ dùng làm rau",100,per_100g,26.0,1.81,4.15,0.21,,25.73,1.04,0.84,8,General,Viện Dinh dưỡng Quốc gia,4016002,2026-02-11T19:11:06Z
food_4017,food,v1,4017,"Cần ta, tươi","Water drop-wort,  raw","Rau, quả, củ dùng làm rau","Rau, quả, củ dùng làm rau",100,per_100g,16.0,1.0,3.0,,,16.0,0.0,0.69,8,General,Viện Dinh dưỡng Quốc gia,4017,2026-02-11T19:11:06Z
food_4018,food,v1,4018,"Cần tây, tươi","Celery, raw","Rau, quả, củ dùng làm rau","Rau, quả, củ dùng làm rau",100,per_100g,54.0,3.7,9.44,0.16,,54.0,0.0,0.84,8,General,Viện Dinh dưỡng Quốc gia,4018,2026-02-11T19:11:06Z
food_4019,food,v1,4019,"Chuối xanh, tươi","Banana common varieties, unripe","Rau, quả, củ dùng làm rau","Rau, quả, củ dùng làm rau",100,per_100g,78.0,1.2,17.48,0.32,,77.6,0.51,0.84,8,General,Viện Dinh dưỡng Quốc gia,4019,2026-02-11T19:11:06Z
food_4019002,food,v1,4019002,"Chuối xanh, luộc","Banana unripe, boiled","Rau, quả, củ dùng làm rau","Rau, quả, củ dùng làm rau",100,per_100g,64.0,1.0,14.83,0.08,,64.04,0.06,0.84,8,General,Viện Dinh dưỡng Quốc gia,4019002,2026-02-11T19:11:06Z
food_4020,food,v1,4020,"Củ cải đỏ, tươi","Red radish oriental, raw","Rau, quả, củ dùng làm rau","Rau, quả, củ dùng làm rau",100,per_100g,52.0,1.3,11.7,,,52.0,0.0,0.69,8,General,Viện Dinh dưỡng Quốc gia,4020,2026-02-11T19:11:08Z
food_4020002,food,v1,4020002,"Củ cải đỏ, luộc","Radish, red, boiled","Rau, quả, củ dùng làm rau","Rau, quả, củ dùng làm rau",100,per_100g,63.0,1.51,13.6,0.23,,62.51,0.78,0.84,8,General,Viện Dinh dưỡng Quốc gia,4020002,2026-02-11T19:11:08Z
food_4021,food,v1,4021,"Củ cải trắng, tươi","Radish garden while, raw","Rau, quả, củ dùng làm rau","Rau, quả, củ dùng làm rau",100,per_100g,27.0,1.5,5.11,0.09,,27.25,0.93,0.84,8,General,Viện Dinh dưỡng Quốc gia,4021,2026-02-11T19:11:08Z
food_4021002,food,v1,4021002,"Củ cải trắng, luộc","Radish, white, boiled","Rau, quả, củ dùng làm rau","Rau, quả, củ dùng làm rau",100,per_100g,33.0,1.74,6.05,0.23,,33.23,0.7,0.84,8,General,Viện Dinh dưỡng Quốc gia,4021002,2026-02-11T19:11:08Z
food_4022,food,v1,4022,"Củ cải trắng, khô","White radish, dried","Rau, quả, củ dùng làm rau","Rau, quả, củ dùng làm rau",100,per_100g,290.0,17.6,51.6,1.5,,290.3,0.1,0.84,8,General,Viện Dinh dưỡng Quốc gia,4022,2026-02-11T19:11:08Z
food_4023,food,v1,4023,"Củ đậu, tươi","Jicama, Mexican yam bean","Rau, quả, củ dùng làm rau","Rau, quả, củ dùng làm rau",100,per_100g,31.0,1.0,6.7,,,30.8,0.65,0.69,8,General,Viện Dinh dưỡng Quốc gia,4023,2026-02-11T19:11:08Z
food_4024,food,v1,4024,"Củ niễng, tươi","Manchurian wild rice, stem, raw","Rau, quả, củ dùng làm rau","Rau, quả, củ dùng làm rau",100,per_100g,37.0,2.0,7.2,,,36.8,0.54,0.69,8,General,Viện Dinh dưỡng Quốc gia,4024,2026-02-11T19:11:08Z
food_4025,food,v1,4025,"Dọc củ cải, non, tươi","Radish garden, immature, raw","Rau, quả, củ dùng làm rau","Rau, quả, củ dùng làm rau",100,per_100g,21.0,1.9,3.4,,,21.2,0.95,0.69,8,General,Viện Dinh dưỡng Quốc gia,4025,2026-02-11T19:11:08Z
food_4026,food,v1,4026,"Dọc mùng, tươi","Indian taro, stem, raw","Rau, quả, củ dùng làm rau","Rau, quả, củ dùng làm rau",100,per_100g,13.0,0.4,2.8,,,12.8,1.54,0.69,8,General,Viện Dinh dưỡng Quốc gia,4026,2026-02-11T19:11:08Z
food_4027,food,v1,4027,"Dưa chuột, tươi","Cucumber, raw","Rau, quả, củ dùng làm rau","Rau, quả, củ dùng làm rau",100,per_100g,18.0,0.8,3.61,0.09,,18.45,2.5,0.84,8,General,Viện Dinh dưỡng Quốc gia,4027,2026-02-11T19:11:08Z
food_4028,food,v1,4028,"Dưa gang, tươi","Large cucumber, raw","Rau, quả, củ dùng làm rau","Rau, quả, củ dùng làm rau",100,per_100g,14.0,0.8,2.7,,,14.0,0.0,0.69,8,General,Viện Dinh dưỡng Quốc gia,4028,2026-02-11T19:11:08Z
food_4029,food,v1,4029,"Đậu cô ve, quả, tươi","Common bean, string bean, raw","Rau, quả, củ dùng làm rau","Rau, quả, củ dùng làm rau",100,per_100g,77.0,5.0,14.3,,,77.2,0.26,0.69,8,General,Viện Dinh dưỡng Quốc gia,4029,2026-02-11T19:11:08Z
food_4029002,food,v1,4029002,"Đậu cô ve, luộc","Bean common string, boiled","Rau, quả, củ dùng làm rau","Rau, quả, củ dùng làm rau",100,per_100g,85.0,5.38,15.38,0.22,,85.02,0.02,0.84,8,General,Viện Dinh dưỡng Quốc gia,4029002,2026-02-11T19:11:08Z
food_4030,food,v1,4030,"Đậu đũa, quả, tươi","Yardlong bean, raw","Rau, quả, củ dùng làm rau","Rau, quả, củ dùng làm rau",100,per_100g,67.0,6.0,9.99,0.31,,66.75,0.37,0.84,8,General,Viện Dinh dưỡng Quốc gia,4030,2026-02-11T19:11:08Z
food_4030002,food,v1,4030002,"Đậu đũa, luộc","Yardlong bean, boiled","Rau, quả, củ dùng làm rau","Rau, quả, củ dùng làm rau",100,per_100g,68.0,6.12,10.51,0.2,,68.32,0.47,0.84,8,General,Viện Dinh dưỡng Quốc gia,4030002,2026-02-11T19:11:08Z
food_4031,food,v1,4031,"Đậu Hà Lan, quả, tươi","Green peas; field pea, raw","Rau, quả, củ dùng làm rau","Rau, quả, củ dùng làm rau",100,per_100g,75.0,6.5,11.71,0.29,,75.45,0.6,0.84,8,General,Viện Dinh dưỡng Quốc gia,4031,2026-02-11T19:11:11Z
food_4032,food,v1,4032,"Đậu rồng, quả non, tươi","Winged bean, asparagus pea, raw","Rau, quả, củ dùng làm rau","Rau, quả, củ dùng làm rau",100,per_100g,40.0,1.9,7.9,0.1,,40.1,0.25,0.84,8,General,Viện Dinh dưỡng Quốc gia,4032,2026-02-11T19:11:11Z
food_4033,food,v1,4033,"Đu đủ xanh, tươi","Papaya, unripe, raw","Rau, quả, củ dùng làm rau","Rau, quả, củ dùng làm rau",100,per_100g,30.0,0.8,6.6,,,29.6,1.33,0.69,8,General,Viện Dinh dưỡng Quốc gia,4033,2026-02-11T19:11:11Z
food_4034,food,v1,4034,"Quả gấc, tươi","Gac fruit, whole, raw","Rau, quả, củ dùng làm rau","Rau, quả, củ dùng làm rau",100,per_100g,129.0,2.1,12.3,7.9,,128.7,0.23,0.84,8,General,Viện Dinh dưỡng Quốc gia,4034,2026-02-11T19:11:11Z
food_4035,food,v1,4035,"Giá đậu tương, tươi","Sprout of soybeans, raw","Rau, quả, củ dùng làm rau","Rau, quả, củ dùng làm rau",100,per_100g,82.0,7.7,8.7,1.8,,81.8,0.24,0.84,8,General,Viện Dinh dưỡng Quốc gia,4035,2026-02-11T19:11:11Z
food_4036,food,v1,4036,"Giá đậu xanh, tươi","Mungobean sprouts, raw","Rau, quả, củ dùng làm rau","Rau, quả, củ dùng làm rau",100,per_100g,52.0,5.5,7.17,0.13,,51.85,0.29,0.84,8,General,Viện Dinh dưỡng Quốc gia,4036,2026-02-11T19:11:11Z
food_4036002,food,v1,4036002,"Giá đậu xanh, luộc","Sprouts, Mungobean sprouts, boiled","Rau, quả, củ dùng làm rau","Rau, quả, củ dùng làm rau",100,per_100g,58.0,6.04,8.02,0.22,,58.22,0.38,0.84,8,General,Viện Dinh dưỡng Quốc gia,4036002,2026-02-11T19:11:11Z
food_4037,food,v1,4037,"Hành củ, tươi","Onion, bulb, raw","Rau, quả, củ dùng làm rau","Rau, quả, củ dùng làm rau",100,per_100g,29.0,1.3,5.22,0.28,,28.6,1.38,0.84,8,General,Viện Dinh dưỡng Quốc gia,4037,2026-02-11T19:11:11Z
food_4038,food,v1,4038,"Hành lá (hành hoa), tươi","Onion, leave, raw","Rau, quả, củ dùng làm rau","Rau, quả, củ dùng làm rau",100,per_100g,26.0,1.3,5.2,,,26.0,0.0,0.69,8,General,Viện Dinh dưỡng Quốc gia,4038,2026-02-11T19:11:11Z
food_4039,food,v1,4039,"Hành tây, tươi","Onion, common, garden, raw","Rau, quả, củ dùng làm rau","Rau, quả, củ dùng làm rau",100,per_100g,45.0,1.8,9.29,0.11,,45.35,0.78,0.84,8,General,Viện Dinh dưỡng Quốc gia,4039,2026-02-11T19:11:11Z
food_4040,food,v1,4040,"Hạt sen, tươi","Lotus seed, raw","Rau, quả, củ dùng làm rau","Rau, quả, củ dùng làm rau",100,per_100g,164.0,9.5,30.3,0.5,,163.7,0.18,0.84,8,General,Viện Dinh dưỡng Quốc gia,4040,2026-02-11T19:11:11Z
food_4041,food,v1,4041,"Hạt sen, khô",Dried lotus seed,"Rau, quả, củ dùng làm rau","Rau, quả, củ dùng làm rau",100,per_100g,342.0,20.0,60.2,2.4,,342.4,0.12,0.84,8,General,Viện Dinh dưỡng Quốc gia,4041,2026-02-11T19:11:11Z
food_4042,food,v1,4042,"Hẹ lá, tươi","Onion, fragrant, Chinese leek, raw","Rau, quả, củ dùng làm rau","Rau, quả, củ dùng làm rau",100,per_100g,21.0,2.2,2.49,0.21,,20.65,1.67,0.84,8,General,Viện Dinh dưỡng Quốc gia,4042,2026-02-11T19:11:11Z
food_4043,food,v1,4043,"Hoa chuối, tươi","Banana, buds and flowers, raw","Rau, quả, củ dùng làm rau","Rau, quả, củ dùng làm rau",100,per_100g,28.0,1.5,5.5,,,28.0,0.0,0.69,8,General,Viện Dinh dưỡng Quốc gia,4043,2026-02-11T19:11:11Z
food_4044,food,v1,4044,"Hoa lý, tươi","Daylily, lemon flowers, raw","Rau, quả, củ dùng làm rau","Rau, quả, củ dùng làm rau",100,per_100g,35.0,2.9,5.8,,,34.8,0.57,0.69,8,General,Viện Dinh dưỡng Quốc gia,4044,2026-02-11T19:11:11Z
food_4045,food,v1,4045,"Quả khế, tươi","Carambola; Star fruit, raw","Rau, quả, củ dùng làm rau","Rau, quả, củ dùng làm rau",100,per_100g,26.0,0.6,5.47,0.23,,26.35,1.35,0.84,8,General,Viện Dinh dưỡng Quốc gia,4045,2026-02-11T19:11:13Z
food_4046,food,v1,4046,"Lá lốt, tươi","Lolot pepper, raw","Rau, quả, củ dùng làm rau","Rau, quả, củ dùng làm rau",100,per_100g,49.0,4.3,7.9,,,48.8,0.41,0.69,8,General,Viện Dinh dưỡng Quốc gia,4046,2026-02-11T19:11:13Z
food_4047,food,v1,4047,"Lá me, tươi ",,"Rau, quả, củ dùng làm rau","Rau, quả, củ dùng làm rau",100,per_100g,46.0,7.5,4.0,,,46.0,0.0,0.69,8,General,Viện Dinh dưỡng Quốc gia,4047,2026-02-11T19:11:13Z
food_4048,food,v1,4048,"Lá mơ lông, tươi","Skunk vine, raw","Rau, quả, củ dùng làm rau","Rau, quả, củ dùng làm rau",100,per_100g,48.0,3.9,8.0,,,47.6,0.83,0.69,8,General,Viện Dinh dưỡng Quốc gia,4048,2026-02-11T19:11:13Z
food_4049,food,v1,4049,"Lá sắn, tươi","Cassava leaves, raw","Rau, quả, củ dùng làm rau","Rau, quả, củ dùng làm rau",100,per_100g,96.0,7.0,16.9,,,95.6,0.42,0.69,8,General,Viện Dinh dưỡng Quốc gia,4049,2026-02-11T19:11:13Z
food_4050,food,v1,4050,"Măng chua, măng tre","Bamboo shoot, fermented, raw","Rau, quả, củ dùng làm rau","Rau, quả, củ dùng làm rau",100,per_100g,28.0,1.4,5.5,,,27.6,1.43,0.69,8,General,Viện Dinh dưỡng Quốc gia,4050,2026-02-11T19:11:13Z
food_4051,food,v1,4051,"Măng tre, khô","Bamboo shoot, dried","Rau, quả, củ dùng làm rau","Rau, quả, củ dùng làm rau",100,per_100g,301.0,13.0,57.5,2.1,,300.9,0.03,0.84,8,General,Viện Dinh dưỡng Quốc gia,4051,2026-02-11T19:11:13Z
food_4052,food,v1,4052,"Măng tây, tươi","Asparagus, white, raw","Rau, quả, củ dùng làm rau","Rau, quả, củ dùng làm rau",100,per_100g,24.0,2.2,3.36,0.14,,23.5,2.08,0.84,8,General,Viện Dinh dưỡng Quốc gia,4052,2026-02-11T19:11:13Z
food_4053,food,v1,4053,"Măng tre, tươi","Bamboo shoots, raw","Rau, quả, củ dùng làm rau","Rau, quả, củ dùng làm rau",100,per_100g,31.0,1.7,5.59,0.21,,31.05,0.16,0.84,8,General,Viện Dinh dưỡng Quốc gia,4053,2026-02-11T19:11:13Z
food_4054,food,v1,4054,"Mướp, tươi","Gourd, sponge gourd, raw","Rau, quả, củ dùng làm rau","Rau, quả, củ dùng làm rau",100,per_100g,18.0,0.9,3.36,0.14,,18.3,1.67,0.84,8,General,Viện Dinh dưỡng Quốc gia,4054,2026-02-11T19:11:13Z
food_4054002,food,v1,4054002,"Mướp, luộc","Gourd (sponge gourd), boiled","Rau, quả, củ dùng làm rau","Rau, quả, củ dùng làm rau",100,per_100g,26.0,1.25,4.86,0.14,,25.7,1.15,0.84,8,General,Viện Dinh dưỡng Quốc gia,4054002,2026-02-11T19:11:13Z
food_4055,food,v1,4055,"Mướp đắng, tươi","Balsam-pear,  Bitter gourd, raw","Rau, quả, củ dùng làm rau","Rau, quả, củ dùng làm rau",100,per_100g,20.0,0.9,4.1,,,20.0,0.0,0.69,8,General,Viện Dinh dưỡng Quốc gia,4055,2026-02-11T19:11:13Z
food_4055002,food,v1,4055002,"Mướp đắng, luộc","Bitter gourd, boiled","Rau, quả, củ dùng làm rau","Rau, quả, củ dùng làm rau",100,per_100g,21.0,0.91,4.14,0.1,,21.1,0.48,0.84,8,General,Viện Dinh dưỡng Quốc gia,4055002,2026-02-11T19:11:13Z
food_4056,food,v1,4056,"Mướp Nhật bản, tươi","Sponge gourd, Japanese origin, raw","Rau, quả, củ dùng làm rau","Rau, quả, củ dùng làm rau",100,per_100g,16.0,0.8,3.2,,,16.0,0.0,0.69,8,General,Viện Dinh dưỡng Quốc gia,4056,2026-02-11T19:11:13Z
food_4057,food,v1,4057,"Ngải cứu, tươi","Mugwort, wormwood, raw","Rau, quả, củ dùng làm rau","Rau, quả, củ dùng làm rau",100,per_100g,33.0,3.8,4.4,,,32.8,0.61,0.69,8,General,Viện Dinh dưỡng Quốc gia,4057,2026-02-11T19:11:13Z
food_4058,food,v1,4058,"Ngô bao tử, tươi","Baby corn, raw","Rau, quả, củ dùng làm rau","Rau, quả, củ dùng làm rau",100,per_100g,42.0,2.2,7.8,0.2,,41.8,0.48,0.84,8,General,Viện Dinh dưỡng Quốc gia,4058,2026-02-11T19:11:16Z
food_4059,food,v1,4059,"Ngó sen, tươi","Lotus, underground stem, raw","Rau, quả, củ dùng làm rau","Rau, quả, củ dùng làm rau",100,per_100g,65.0,1.0,15.13,0.07,,65.15,0.23,0.84,8,General,Viện Dinh dưỡng Quốc gia,4059,2026-02-11T19:11:16Z
food_4060,food,v1,4060,"Nụ mướp, tươi","Sponge gourd, young flower, raw","Rau, quả, củ dùng làm rau","Rau, quả, củ dùng làm rau",100,per_100g,36.0,4.9,4.0,,,35.6,1.11,0.69,8,General,Viện Dinh dưỡng Quốc gia,4060,2026-02-11T19:11:16Z
food_4061,food,v1,4061,"Ớt đỏ to, tươi","Peppers, red, raw","Rau, quả, củ dùng làm rau","Rau, quả, củ dùng làm rau",100,per_100g,31.0,0.99,6.04,0.3,,30.82,0.58,0.84,8,General,Viện Dinh dưỡng Quốc gia,4061,2026-02-11T19:11:16Z
food_4062,food,v1,4062,"Ớt vàng to, tươi","Peppers, yellow, raw","Rau, quả, củ dùng làm rau","Rau, quả, củ dùng làm rau",100,per_100g,34.0,1.3,7.1,,,33.6,1.18,0.69,8,General,Viện Dinh dưỡng Quốc gia,4062,2026-02-11T19:11:16Z
food_4063,food,v1,4063,"Ớt xanh to, tươi","Peppers, green, raw","Rau, quả, củ dùng làm rau","Rau, quả, củ dùng làm rau",100,per_100g,31.0,1.3,6.07,0.13,,30.65,1.13,0.84,8,General,Viện Dinh dưỡng Quốc gia,4063,2026-02-11T19:11:16Z
food_4064,food,v1,4064,"Quả dọc, tươi","Bira tai, raw","Rau, quả, củ dùng làm rau","Rau, quả, củ dùng làm rau",100,per_100g,19.0,0.8,3.9,,,18.8,1.05,0.69,8,General,Viện Dinh dưỡng Quốc gia,4064,2026-02-11T19:11:16Z
food_4065,food,v1,4065,"Quả me chua, tươi","Tamarind fruit, pulp, raw","Rau, quả, củ dùng làm rau","Rau, quả, củ dùng làm rau",100,per_100g,35.0,1.9,6.8,,,34.8,0.57,0.69,8,General,Viện Dinh dưỡng Quốc gia,4065,2026-02-11T19:11:16Z
food_4066,food,v1,4066,"Rau bí, tươi","Pumpkin leaves, raw","Rau, quả, củ dùng làm rau","Rau, quả, củ dùng làm rau",100,per_100g,26.0,2.7,3.12,0.28,,25.8,0.77,0.84,8,General,Viện Dinh dưỡng Quốc gia,4066,2026-02-11T19:11:16Z
food_4066002,food,v1,4066002,"Rau bí, luộc","Pumpkin leaves, boiled","Rau, quả, củ dùng làm rau","Rau, quả, củ dùng làm rau",100,per_100g,27.0,2.84,3.58,0.11,,26.67,1.22,0.84,8,General,Viện Dinh dưỡng Quốc gia,4066002,2026-02-11T19:11:16Z
food_4067,food,v1,4067,"Rau câu, khô","Seaweed, dried","Rau, quả, củ dùng làm rau","Rau, quả, củ dùng làm rau",100,per_100g,281.0,11.2,56.6,1.1,,281.1,0.04,0.84,8,General,Viện Dinh dưỡng Quốc gia,4067,2026-02-11T19:11:16Z
food_4068,food,v1,4068,"Rau câu, tươi","Seaweed, fresh","Rau, quả, củ dùng làm rau","Rau, quả, củ dùng làm rau",100,per_100g,45.0,1.9,9.1,0.1,,44.9,0.22,0.84,8,General,Viện Dinh dưỡng Quốc gia,4068,2026-02-11T19:11:16Z
food_4069,food,v1,4069,"Rau diếp, tươi","Lettuce, garden, raw","Rau, quả, củ dùng làm rau","Rau, quả, củ dùng làm rau",100,per_100g,15.0,1.2,2.39,0.11,,15.35,2.33,0.84,8,General,Viện Dinh dưỡng Quốc gia,4069,2026-02-11T19:11:16Z
food_4070,food,v1,4070,"Rau đay, tươi","Jute potherb, raw","Rau, quả, củ dùng làm rau","Rau, quả, củ dùng làm rau",100,per_100g,31.0,2.8,4.52,0.18,,30.9,0.32,0.84,8,General,Viện Dinh dưỡng Quốc gia,4070,2026-02-11T19:11:16Z
food_4071,food,v1,4071,"Rau giấp cá, diếp cá, tươi","Lizard tail,  fishwort, raw","Rau, quả, củ dùng làm rau","Rau, quả, củ dùng làm rau",100,per_100g,30.0,2.9,4.5,,,29.6,1.33,0.69,8,General,Viện Dinh dưỡng Quốc gia,4071,2026-02-11T19:11:16Z
food_4072,food,v1,4072,"Rau giền cơm, tươi","Amaranth, spineless, raw","Rau, quả, củ dùng làm rau","Rau, quả, củ dùng làm rau",100,per_100g,27.0,3.4,2.69,0.31,,27.15,0.56,0.84,8,General,Viện Dinh dưỡng Quốc gia,4072,2026-02-11T19:11:18Z
food_4072002,food,v1,4072002,"Rau giền cơm, luộc","Amaranth, green, boiled","Rau, quả, củ dùng làm rau","Rau, quả, củ dùng làm rau",100,per_100g,29.0,3.47,3.06,0.31,,28.91,0.31,0.84,8,General,Viện Dinh dưỡng Quốc gia,4072002,2026-02-11T19:11:18Z
food_4073,food,v1,4073,"Rau giền đỏ, tươi","Amaranth, sp. Red, raw","Rau, quả, củ dùng làm rau","Rau, quả, củ dùng làm rau",100,per_100g,47.0,3.3,7.79,0.31,,47.15,0.32,0.84,8,General,Viện Dinh dưỡng Quốc gia,4073,2026-02-11T19:11:18Z
food_4073002,food,v1,4073002,"Rau giền đỏ, luộc","Amaranth, red, boiled","Rau, quả, củ dùng làm rau","Rau, quả, củ dùng làm rau",100,per_100g,48.0,3.37,7.96,0.31,,48.11,0.23,0.84,8,General,Viện Dinh dưỡng Quốc gia,4073002,2026-02-11T19:11:18Z
food_4074,food,v1,4074,"Rau giền trắng, tươi","Amaranth, sp White, raw","Rau, quả, củ dùng làm rau","Rau, quả, củ dùng làm rau",100,per_100g,48.0,3.2,7.8,0.4,,47.6,0.83,0.84,8,General,Viện Dinh dưỡng Quốc gia,4074,2026-02-11T19:11:18Z
food_4074002,food,v1,4074002,"Rau giền trắng, luộc","Amaranth, white, boiled","Rau, quả, củ dùng làm rau","Rau, quả, củ dùng làm rau",100,per_100g,49.0,3.27,7.96,0.41,,48.61,0.8,0.84,8,General,Viện Dinh dưỡng Quốc gia,4074002,2026-02-11T19:11:18Z
food_4075,food,v1,4075,"Rau húng, tươi","Basil sweet leaves, raw","Rau, quả, củ dùng làm rau","Rau, quả, củ dùng làm rau",100,per_100g,34.0,2.2,5.08,0.52,,33.8,0.59,0.84,8,General,Viện Dinh dưỡng Quốc gia,4075,2026-02-11T19:11:18Z
food_4076,food,v1,4076,"Rau khoai lang, tươi","Sweet potato leaves, raw","Rau, quả, củ dùng làm rau","Rau, quả, củ dùng làm rau",100,per_100g,28.0,2.6,3.99,0.21,,28.25,0.89,0.84,8,General,Viện Dinh dưỡng Quốc gia,4076,2026-02-11T19:11:18Z
food_4076002,food,v1,4076002,"Rau khoai lang, luộc","Sweet potato leaves, boiled","Rau, quả, củ dùng làm rau","Rau, quả, củ dùng làm rau",100,per_100g,28.0,2.65,4.29,,,27.76,0.86,0.69,8,General,Viện Dinh dưỡng Quốc gia,4076002,2026-02-11T19:11:18Z
food_4077,food,v1,4077,"Rau kinh giới, tươi","Vietnamese Balm, raw","Rau, quả, củ dùng làm rau","Rau, quả, củ dùng làm rau",100,per_100g,36.0,2.7,6.4,,,36.4,1.11,0.69,8,General,Viện Dinh dưỡng Quốc gia,4077,2026-02-11T19:11:18Z
food_4078,food,v1,4078,"Rau má rừng, tươi","Wild centella, raw","Rau, quả, củ dùng làm rau","Rau, quả, củ dùng làm rau",100,per_100g,31.0,3.1,4.6,,,30.8,0.65,0.69,8,General,Viện Dinh dưỡng Quốc gia,4078,2026-02-11T19:11:18Z
food_4079,food,v1,4079,"Rau má, má mơ, tươi","Centella, gotu kola, raw","Rau, quả, củ dùng làm rau","Rau, quả, củ dùng làm rau",100,per_100g,38.0,3.2,6.3,,,38.0,0.0,0.69,8,General,Viện Dinh dưỡng Quốc gia,4079,2026-02-11T19:11:18Z
food_4080,food,v1,4080,"Rau mồng tơi, tươi","Malabar, Ceylon spinach, raw","Rau, quả, củ dùng làm rau","Rau, quả, củ dùng làm rau",100,per_100g,24.0,2.0,3.9,,,23.6,1.67,0.69,8,General,Viện Dinh dưỡng Quốc gia,4080,2026-02-11T19:11:18Z
food_4080002,food,v1,4080002,"Rau mồng tơi, luộc","Malabar nightshade, boiled","Rau, quả, củ dùng làm rau","Rau, quả, củ dùng làm rau",100,per_100g,24.0,2.04,3.98,,,24.08,0.33,0.69,8,General,Viện Dinh dưỡng Quốc gia,4080002,2026-02-11T19:11:18Z
food_4081,food,v1,4081,"Rau mùi, tươi","Coriander, raw","Rau, quả, củ dùng làm rau","Rau, quả, củ dùng làm rau",100,per_100g,22.0,2.6,2.17,0.33,,22.05,0.23,0.84,8,General,Viện Dinh dưỡng Quốc gia,4081,2026-02-11T19:11:18Z
food_4082,food,v1,4082,"Rau mùi tàu, tươi","Parsley, curley, raw","Rau, quả, củ dùng làm rau","Rau, quả, củ dùng làm rau",100,per_100g,30.0,2.1,4.25,0.55,,30.35,1.17,0.84,8,General,Viện Dinh dưỡng Quốc gia,4082,2026-02-11T19:11:21Z
food_4083,food,v1,4083,"Rau muống,  tươi","Water spinach, raw","Rau, quả, củ dùng làm rau","Rau, quả, củ dùng làm rau",100,per_100g,28.0,3.2,3.26,0.24,,28.0,0.0,0.84,8,General,Viện Dinh dưỡng Quốc gia,4083,2026-02-11T19:11:21Z
food_4083002,food,v1,4083002,"Rau muống, luộc","Water spinach, boiled","Rau, quả, củ dùng làm rau","Rau, quả, củ dùng làm rau",100,per_100g,27.0,3.27,3.57,,,27.36,1.33,0.69,8,General,Viện Dinh dưỡng Quốc gia,4083002,2026-02-11T19:11:21Z
food_4084,food,v1,4084,"Rau muống, khô","Water spinach, dried","Rau, quả, củ dùng làm rau","Rau, quả, củ dùng làm rau",100,per_100g,293.0,34.2,35.0,1.8,,293.0,0.0,0.84,8,General,Viện Dinh dưỡng Quốc gia,4084,2026-02-11T19:11:21Z
food_4085,food,v1,4085,"Rau ngổ, tươi","Buffalo spinach, raw","Rau, quả, củ dùng làm rau","Rau, quả, củ dùng làm rau",100,per_100g,24.0,1.5,4.4,,,23.6,1.67,0.69,8,General,Viện Dinh dưỡng Quốc gia,4085,2026-02-11T19:11:21Z
food_4086,food,v1,4086,"Rau ngót, tươi","Sauropus, sp. Leaves, raw","Rau, quả, củ dùng làm rau","Rau, quả, củ dùng làm rau",100,per_100g,45.0,5.3,5.9,,,44.8,0.44,0.69,8,General,Viện Dinh dưỡng Quốc gia,4086,2026-02-11T19:11:21Z
food_4087,food,v1,4087,"Rau ngót, khô","Sauropus, dried","Rau, quả, củ dùng làm rau","Rau, quả, củ dùng làm rau",100,per_100g,299.0,32.2,36.8,2.6,,299.4,0.13,0.84,8,General,Viện Dinh dưỡng Quốc gia,4087,2026-02-11T19:11:21Z
food_4088,food,v1,4088,"Rau răm, tươi","Vietnamese mint, hot mint, raw","Rau, quả, củ dùng làm rau","Rau, quả, củ dùng làm rau",100,per_100g,45.0,4.7,6.6,,,45.2,0.44,0.69,8,General,Viện Dinh dưỡng Quốc gia,4088,2026-02-11T19:11:21Z
food_4089,food,v1,4089,"Rau rút, tươi","Water mimosa,  raw","Rau, quả, củ dùng làm rau","Rau, quả, củ dùng làm rau",100,per_100g,35.0,5.1,3.7,,,35.2,0.57,0.69,8,General,Viện Dinh dưỡng Quốc gia,4089,2026-02-11T19:11:21Z
food_4090,food,v1,4090,"Rau sà lách, tươi","Lettuce, garden asparagus, raw","Rau, quả, củ dùng làm rau","Rau, quả, củ dùng làm rau",100,per_100g,18.0,1.5,2.43,0.27,,18.15,0.83,0.84,8,General,Viện Dinh dưỡng Quốc gia,4090,2026-02-11T19:11:21Z
food_4091,food,v1,4091,"Rau sam, tươi","Purslane, pursley, raw","Rau, quả, củ dùng làm rau","Rau, quả, củ dùng làm rau",100,per_100g,20.0,1.4,3.7,,,20.4,2.0,0.69,8,General,Viện Dinh dưỡng Quốc gia,4091,2026-02-11T19:11:21Z
food_4092,food,v1,4092,"Rau sắng chùa hương, tươi",,"Rau, quả, củ dùng làm rau","Rau, quả, củ dùng làm rau",100,per_100g,62.0,6.5,8.9,,,61.6,0.65,0.69,8,General,Viện Dinh dưỡng Quốc gia,4092,2026-02-11T19:11:21Z
food_4093,food,v1,4093,"Rau tàu bay, tươi","Redflower ragleaf, fireweed, raw","Rau, quả, củ dùng làm rau","Rau, quả, củ dùng làm rau",100,per_100g,24.0,2.5,3.5,,,24.0,0.0,0.69,8,General,Viện Dinh dưỡng Quốc gia,4093,2026-02-11T19:11:21Z
food_4094,food,v1,4094,"Rau thơm, tươi","Mint leaves, raw","Rau, quả, củ dùng làm rau","Rau, quả, củ dùng làm rau",100,per_100g,30.0,2.0,5.4,,,29.6,1.33,0.69,8,General,Viện Dinh dưỡng Quốc gia,4094,2026-02-11T19:11:21Z
food_4095,food,v1,4095,"Quả sấu xanh, tươi","Fruit of Dracontomelon duperreanum, immature, raw","Rau, quả, củ dùng làm rau","Rau, quả, củ dùng làm rau",100,per_100g,19.0,1.8,3.0,,,19.2,1.05,0.69,8,General,Viện Dinh dưỡng Quốc gia,4095,2026-02-11T19:11:21Z
food_4096,food,v1,4096,"Củ su hào, tươi","Kohlrabi, turnip cabbage, raw","Rau, quả, củ dùng làm rau","Rau, quả, củ dùng làm rau",100,per_100g,44.0,2.8,7.93,0.07,,43.55,1.02,0.84,8,General,Viện Dinh dưỡng Quốc gia,4096,2026-02-11T19:11:23Z
food_4096002,food,v1,4096002,"Su hào, luộc","Kohlrabi, boiled","Rau, quả, củ dùng làm rau","Rau, quả, củ dùng làm rau",100,per_100g,48.0,3.11,8.89,,,48.0,0.0,0.69,8,General,Viện Dinh dưỡng Quốc gia,4096002,2026-02-11T19:11:23Z
food_4097,food,v1,4097,"Củ su hào, khô","Kohlrabi, turnip cabbage, dried","Rau, quả, củ dùng làm rau","Rau, quả, củ dùng làm rau",100,per_100g,311.0,20.0,54.6,1.4,,311.0,0.0,0.84,8,General,Viện Dinh dưỡng Quốc gia,4097,2026-02-11T19:11:23Z
food_4098,food,v1,4098,"Quả su su, tươi","Chayote, raw","Rau, quả, củ dùng làm rau","Rau, quả, củ dùng làm rau",100,per_100g,23.0,0.8,4.6,0.1,,22.5,2.17,0.84,8,General,Viện Dinh dưỡng Quốc gia,4098,2026-02-11T19:11:23Z
food_4098002,food,v1,4098002,"Su su, luộc","Chayote frui, boiled","Rau, quả, củ dùng làm rau","Rau, quả, củ dùng làm rau",100,per_100g,24.0,0.88,5.16,,,24.16,0.67,0.69,8,General,Viện Dinh dưỡng Quốc gia,4098002,2026-02-11T19:11:23Z
food_4099,food,v1,4099,"Súp lơ trắng, tươi","Cauliflower, raw","Rau, quả, củ dùng làm rau","Rau, quả, củ dùng làm rau",100,per_100g,34.0,2.5,5.65,0.15,,33.95,0.15,0.84,8,General,Viện Dinh dưỡng Quốc gia,4099,2026-02-11T19:11:23Z
food_4099002,food,v1,4099002,"Súp lơ trắng, luộc","Cauli/Brocco, Cauliflower, boiled","Rau, quả, củ dùng làm rau","Rau, quả, củ dùng làm rau",100,per_100g,29.0,2.17,5.04,,,28.84,0.55,0.69,8,General,Viện Dinh dưỡng Quốc gia,4099002,2026-02-11T19:11:23Z
food_4100,food,v1,4100,"Súp lơ xanh, tươi","Broccoli, raw","Rau, quả, củ dùng làm rau","Rau, quả, củ dùng làm rau",100,per_100g,39.0,2.95,6.08,0.3,,38.82,0.46,0.84,8,General,Viện Dinh dưỡng Quốc gia,4100,2026-02-11T19:11:23Z
food_4100002,food,v1,4100002,"Súp lơ xanh, luộc","Cauli/Brocco, Broccoli, boiled","Rau, quả, củ dùng làm rau","Rau, quả, củ dùng làm rau",100,per_100g,34.0,2.57,5.29,0.26,,33.78,0.65,0.84,8,General,Viện Dinh dưỡng Quốc gia,4100002,2026-02-11T19:11:23Z
food_4101,food,v1,4101,"Thìa là, tươi","Dill, raw","Rau, quả, củ dùng làm rau","Rau, quả, củ dùng làm rau",100,per_100g,47.0,2.6,6.94,0.96,,46.8,0.43,0.84,8,General,Viện Dinh dưỡng Quốc gia,4101,2026-02-11T19:11:23Z
food_4102,food,v1,4102,"Tía tô, tươi","Balm-mint, garden- balm, raw","Rau, quả, củ dùng làm rau","Rau, quả, củ dùng làm rau",100,per_100g,40.0,2.9,7.0,,,39.6,1.0,0.69,8,General,Viện Dinh dưỡng Quốc gia,4102,2026-02-11T19:11:23Z
food_4103,food,v1,4103,"Tỏi ta, tươi","Garlic bulbs, raw","Rau, quả, củ dùng làm rau","Rau, quả, củ dùng làm rau",100,per_100g,126.0,6.0,24.65,0.35,,125.75,0.2,0.84,8,General,Viện Dinh dưỡng Quốc gia,4103,2026-02-11T19:11:23Z
food_4104,food,v1,4104,"Tỏi tây, cả lá, tươi","Chinese Leek, Onion fragrant, raw","Rau, quả, củ dùng làm rau","Rau, quả, củ dùng làm rau",100,per_100g,35.0,1.4,7.4,,,35.2,0.57,0.69,8,General,Viện Dinh dưỡng Quốc gia,4104,2026-02-11T19:11:23Z
food_4105,food,v1,4105,"Trám đen, quả chín, tươi","Fruit of Canarium pimela, ripe","Rau, quả, củ dùng làm rau","Rau, quả, củ dùng làm rau",100,per_100g,134.0,2.5,8.5,10.0,,134.0,0.0,0.84,8,General,Viện Dinh dưỡng Quốc gia,4105,2026-02-11T19:11:23Z
food_4106,food,v1,4106,"Trám xanh, trám trắng, tươi","Canarium nut, pili nut, Java almond, raw","Rau, quả, củ dùng làm rau","Rau, quả, củ dùng làm rau",100,per_100g,56.0,1.2,9.3,1.6,,56.4,0.71,0.84,8,General,Viện Dinh dưỡng Quốc gia,4106,2026-02-11T19:11:23Z
food_4107,food,v1,4107,"Lá xương sông, tươi","Edible leaves of Blumea lanceolaria, raw","Rau, quả, củ dùng làm rau","Rau, quả, củ dùng làm rau",100,per_100g,28.0,2.2,4.7,,,27.6,1.43,0.69,8,General,Viện Dinh dưỡng Quốc gia,4107,2026-02-11T19:11:26Z
food_4108,food,v1,4108,"Rau cải ngọt, tươi","Elongated mustard, raw","Rau, quả, củ dùng làm rau","Rau, quả, củ dùng làm rau",100,per_100g,17.0,1.4,2.62,0.1,,16.98,0.12,0.84,8,General,Viện Dinh dưỡng Quốc gia,4108,2026-02-11T19:11:26Z
food_4108002,food,v1,4108002,"Cải ngọt, luộc","Brassica, Elongated mustard, boiled","Rau, quả, củ dùng làm rau","Rau, quả, củ dùng làm rau",100,per_100g,19.0,1.57,2.94,0.11,,19.03,0.16,0.84,8,General,Viện Dinh dưỡng Quốc gia,4108002,2026-02-11T19:11:26Z
food_4109,food,v1,4109,"Rau cải thảo, tươi","Chinese cabbage, raw","Rau, quả, củ dùng làm rau","Rau, quả, củ dùng làm rau",100,per_100g,14.0,0.9,2.57,,,13.88,0.86,0.69,8,General,Viện Dinh dưỡng Quốc gia,4109,2026-02-11T19:11:26Z
food_4109002,food,v1,4109002,"Cải thảo, luộc","Brassica, Chinese cabbage, boiled","Rau, quả, củ dùng làm rau","Rau, quả, củ dùng làm rau",100,per_100g,15.0,0.98,2.79,,,15.08,0.53,0.69,8,General,Viện Dinh dưỡng Quốc gia,4109002,2026-02-11T19:11:26Z
food_4110,food,v1,4110,"Ngọn su su, tươi","Chayote, young stem and leaves raw","Rau, quả, củ dùng làm rau","Rau, quả, củ dùng làm rau",100,per_100g,24.0,3.3,2.5,0.1,,24.1,0.42,0.84,8,General,Viện Dinh dưỡng Quốc gia,4110,2026-02-11T19:11:26Z
food_4110002,food,v1,4110002,"Ngọn su su, luộc","Chayote young stem and leaves, boiled","Rau, quả, củ dùng làm rau","Rau, quả, củ dùng làm rau",100,per_100g,14.0,3.37,,0.1,,14.38,2.71,0.69,8,General,Viện Dinh dưỡng Quốc gia,4110002,2026-02-11T19:11:26Z
food_4111,food,v1,4111,"Quả đậu ván, tươi","Hyacinth bean,    Australian pea, raw","Rau, quả, củ dùng làm rau","Rau, quả, củ dùng làm rau",100,per_100g,39.0,2.8,7.0,,,39.2,0.51,0.69,8,General,Viện Dinh dưỡng Quốc gia,4111,2026-02-11T19:11:26Z
food_4112,food,v1,4112,"Cà chua, muối","Tomato, pickled with salt","Rau, quả, củ dùng làm rau","Rau, quả, củ dùng làm rau",100,per_100g,10.0,0.6,1.8,,,9.6,4.0,0.69,8,General,Viện Dinh dưỡng Quốc gia,4112,2026-02-11T19:11:26Z
food_4113,food,v1,4113,"Cà pháo, muối nén","Eggplant, pickled with salt","Rau, quả, củ dùng làm rau","Rau, quả, củ dùng làm rau",100,per_100g,20.0,1.3,3.7,,,20.0,0.0,0.69,8,General,Viện Dinh dưỡng Quốc gia,4113,2026-02-11T19:11:26Z
food_4114,food,v1,4114,"Cà pháo, muối sổi ","Eggplant, pickled with salt","Rau, quả, củ dùng làm rau","Rau, quả, củ dùng làm rau",100,per_100g,23.0,1.5,4.2,,,22.8,0.87,0.69,8,General,Viện Dinh dưỡng Quốc gia,4114,2026-02-11T19:11:26Z
food_4115,food,v1,4115,Dưa cải bắp,Cabbage Chinese pickled with salt,"Rau, quả, củ dùng làm rau","Rau, quả, củ dùng làm rau",100,per_100g,24.0,1.2,4.9,,,24.4,1.67,0.69,8,General,Viện Dinh dưỡng Quốc gia,4115,2026-02-11T19:11:26Z
food_4116,food,v1,4116,Dưa cải bẹ,"Mustard green, pickled with salt","Rau, quả, củ dùng làm rau","Rau, quả, củ dùng làm rau",100,per_100g,25.0,1.8,4.5,,,25.2,0.8,0.69,8,General,Viện Dinh dưỡng Quốc gia,4116,2026-02-11T19:11:26Z
food_4117,food,v1,4117,Dưa cải sen,"Field mustard, pickled with salt","Rau, quả, củ dùng làm rau","Rau, quả, củ dùng làm rau",100,per_100g,17.0,1.1,3.1,,,16.8,1.18,0.69,8,General,Viện Dinh dưỡng Quốc gia,4117,2026-02-11T19:11:26Z
food_4118,food,v1,4118,"Dưa chuột, muối","Cucumber, pickled with salt","Rau, quả, củ dùng làm rau","Rau, quả, củ dùng làm rau",100,per_100g,17.0,0.8,3.06,0.14,,16.7,1.76,0.84,8,General,Viện Dinh dưỡng Quốc gia,4118,2026-02-11T19:11:26Z
food_4119,food,v1,4119,Dưa giá đậu xanh,"Mung bean sprouts, pickled with salt","Rau, quả, củ dùng làm rau","Rau, quả, củ dùng làm rau",100,per_100g,47.0,5.0,6.8,,,47.2,0.43,0.69,8,General,Viện Dinh dưỡng Quốc gia,4119,2026-02-11T19:11:28Z
food_4120,food,v1,4120,"Hành củ, muối","Onion, pickled with salt","Rau, quả, củ dùng làm rau","Rau, quả, củ dùng làm rau",100,per_100g,24.0,1.4,4.7,,,24.4,1.67,0.69,8,General,Viện Dinh dưỡng Quốc gia,4120,2026-02-11T19:11:28Z
food_4121,food,v1,4121,"Kiệu, muối","Onion shallot, scallion, pickled with salt","Rau, quả, củ dùng làm rau","Rau, quả, củ dùng làm rau",100,per_100g,29.0,1.3,5.9,,,28.8,0.69,0.69,8,General,Viện Dinh dưỡng Quốc gia,4121,2026-02-11T19:11:28Z
food_4122,food,v1,4122,"Nhút (dưa muối từ mít non, lá đậu xanh non...)","Mix pickled from young jack fruit, mung bean leaves and other","Rau, quả, củ dùng làm rau","Rau, quả, củ dùng làm rau",100,per_100g,25.0,2.5,3.8,,,25.2,0.8,0.69,8,General,Viện Dinh dưỡng Quốc gia,4122,2026-02-11T19:11:28Z
food_4123,food,v1,4123,"Men bia, khô","Brewer's yeast, dried","Rau, quả, củ dùng làm rau","Rau, quả, củ dùng làm rau",100,per_100g,367.0,52.5,32.0,3.2,,366.8,0.05,0.84,8,General,Viện Dinh dưỡng Quốc gia,4123,2026-02-11T19:11:28Z
food_4124,food,v1,4124,"Men bia, tươi","Brewer's yeast, fresh","Rau, quả, củ dùng làm rau","Rau, quả, củ dùng làm rau",100,per_100g,103.0,16.2,6.5,1.3,,102.5,0.49,0.84,8,General,Viện Dinh dưỡng Quốc gia,4124,2026-02-11T19:11:28Z
food_4125,food,v1,4125,"Mộc nhĩ, khô","Jew's ear, Wood-ear, Tender variety, dried","Rau, quả, củ dùng làm rau","Rau, quả, củ dùng làm rau",100,per_100g,332.0,10.6,72.0,0.2,,332.2,0.06,0.84,8,General,Viện Dinh dưỡng Quốc gia,4125,2026-02-11T19:11:28Z
food_4126,food,v1,4126,"Nấm hương, khô","Mushroom, shiitake, dried","Rau, quả, củ dùng làm rau","Rau, quả, củ dùng làm rau",100,per_100g,342.0,36.0,40.5,4.0,,342.0,0.0,0.84,8,General,Viện Dinh dưỡng Quốc gia,4126,2026-02-11T19:11:28Z
food_4127,food,v1,4127,"Nấm hương, tươi","Mushroom, shiitake, raw","Rau, quả, củ dùng làm rau","Rau, quả, củ dùng làm rau",100,per_100g,51.0,5.5,6.1,0.5,,50.9,0.2,0.84,8,General,Viện Dinh dưỡng Quốc gia,4127,2026-02-11T19:11:28Z
food_4128,food,v1,4128,"Nấm mỡ (Nấm tây), tươi","Common mushroom, table mushroom, raw","Rau, quả, củ dùng làm rau","Rau, quả, củ dùng làm rau",100,per_100g,37.0,4.0,4.5,0.3,,36.7,0.81,0.84,8,General,Viện Dinh dưỡng Quốc gia,4128,2026-02-11T19:11:28Z
food_4129,food,v1,4129,"Nấm rơm, tươi","Straw mushroom, raw","Rau, quả, củ dùng làm rau","Rau, quả, củ dùng làm rau",100,per_100g,61.0,3.6,4.5,3.2,,61.2,0.33,0.84,8,General,Viện Dinh dưỡng Quốc gia,4129,2026-02-11T19:11:28Z
food_4130,food,v1,4130,"Nấm thường, tươi","Gilled mushroom, meadow mushroom, raw","Rau, quả, củ dùng làm rau","Rau, quả, củ dùng làm rau",100,per_100g,48.0,4.6,5.7,0.8,,48.4,0.83,0.84,8,General,Viện Dinh dưỡng Quốc gia,4130,2026-02-11T19:11:28Z
food_4132,food,v1,4132,Hành khô,,"Rau, quả, củ dùng làm rau","Rau, quả, củ dùng làm rau",100,per_100g,326.0,15.6,66.0,,,326.4,0.12,0.69,8,General,Viện Dinh dưỡng Quốc gia,4132,2026-02-11T19:11:28Z
food_4133,food,v1,4133,Nấm kim châm,"Mushroom, small and tall, raw","Rau, quả, củ dùng làm rau","Rau, quả, củ dùng làm rau",100,per_100g,44.0,2.66,7.81,0.29,,44.49,1.11,0.84,8,General,Viện Dinh dưỡng Quốc gia,4133,2026-02-11T19:11:28Z
food_4134,food,v1,4134,Cải ngồng,,"Rau, quả, củ dùng làm rau","Rau, quả, củ dùng làm rau",100,per_100g,17.0,1.5,2.18,0.2,,16.52,2.82,0.84,8,General,Viện Dinh dưỡng Quốc gia,4134,2026-02-11T19:11:28Z
food_4134002,food,v1,4134002,"Cải ngồng, luộc","Brassica, Cabbage/mustard, boiled","Rau, quả, củ dùng làm rau","Rau, quả, củ dùng làm rau",100,per_100g,18.0,1.6,2.32,0.21,,17.57,2.39,0.84,8,General,Viện Dinh dưỡng Quốc gia,4134002,2026-02-11T19:11:31Z
food_4135,food,v1,4135,Rau cải chíp,,"Rau, quả, củ dùng làm rau","Rau, quả, củ dùng làm rau",100,per_100g,17.0,1.5,2.18,0.2,,16.52,2.82,0.84,8,General,Viện Dinh dưỡng Quốc gia,4135,2026-02-11T19:11:31Z
food_4135002,food,v1,4135002,Rau cải chíp luộc,"Brassica rapa chinensis, boiled","Rau, quả, củ dùng làm rau","Rau, quả, củ dùng làm rau",100,per_100g,17.0,1.5,2.18,0.2,,16.52,2.82,0.84,8,General,Viện Dinh dưỡng Quốc gia,4135002,2026-02-11T19:11:31Z
food_4139,food,v1,4139,Rong biển,,"Rau, quả, củ dùng làm rau","Rau, quả, củ dùng làm rau",100,per_100g,700.0,20.0,20.0,60.0,,700.0,0.0,0.84,8,General,Viện Dinh dưỡng Quốc gia,4139,2026-02-11T19:11:31Z
food_5001,food,v1,5001,"Bưởi, tươi","Pomelo, Pummelo; Shaddock, raw",Quả chín,Quả chín,100,per_100g,33.0,0.2,8.0,,,32.8,0.61,0.69,8,General,Viện Dinh dưỡng Quốc gia,5001,2026-02-11T19:11:31Z
food_5002,food,v1,5002,"Cam, tươi","Orange, raw",Quả chín,Quả chín,100,per_100g,43.0,0.9,9.74,0.06,,43.1,0.23,0.84,8,General,Viện Dinh dưỡng Quốc gia,5002,2026-02-11T19:11:31Z
food_5003,food,v1,5003,"Chanh, tươi","Lemon, raw",Quả chín,Quả chín,100,per_100g,29.0,0.9,5.96,0.14,,28.7,1.03,0.84,8,General,Viện Dinh dưỡng Quốc gia,5003,2026-02-11T19:11:31Z
food_5004,food,v1,5004,"Chôm chôm, tươi","Rambutan, raw",Quả chín,Quả chín,100,per_100g,77.0,1.5,17.7,,,76.8,0.26,0.69,8,General,Viện Dinh dưỡng Quốc gia,5004,2026-02-11T19:11:31Z
food_5005,food,v1,5005,"Chuối, khô","Banana, dried",Quả chín,Quả chín,100,per_100g,301.0,5.0,70.3,,,301.2,0.07,0.69,8,General,Viện Dinh dưỡng Quốc gia,5005,2026-02-11T19:11:31Z
food_5006,food,v1,5006,"Chuối tây, tươi","Banana, raw",Quả chín,Quả chín,100,per_100g,66.0,0.9,15.0,0.3,,66.3,0.45,0.84,8,General,Viện Dinh dưỡng Quốc gia,5006,2026-02-11T19:11:31Z
food_5007,food,v1,5007,"Chuối tiêu, tươi","Banana, dwarf, raw",Quả chín,Quả chín,100,per_100g,100.0,1.5,23.0,0.2,,99.8,0.2,0.84,8,General,Viện Dinh dưỡng Quốc gia,5007,2026-02-11T19:11:31Z
food_5008,food,v1,5008,"Dâu gia, tươi ","Fruit of Baccaurea sapida, tươi",Quả chín,Quả chín,100,per_100g,27.0,0.6,6.2,,,27.2,0.74,0.69,8,General,Viện Dinh dưỡng Quốc gia,5008,2026-02-11T19:11:31Z
food_5009,food,v1,5009,"Dâu tây, tươi","Strawberry, raw",Quả chín,Quả chín,100,per_100g,59.0,1.8,12.1,0.4,,59.2,0.34,0.84,8,General,Viện Dinh dưỡng Quốc gia,5009,2026-02-11T19:11:31Z
food_5010,food,v1,5010,"Dưa bở, tươi","Musk melon, Spanish melon, Cantaloupe, raw",Quả chín,Quả chín,100,per_100g,21.0,0.5,4.3,0.2,,21.0,0.0,0.84,8,General,Viện Dinh dưỡng Quốc gia,5010,2026-02-11T19:11:31Z
food_5011,food,v1,5011,"Dưa hấu, tươi","Watermelon, raw",Quả chín,Quả chín,100,per_100g,18.0,1.2,2.8,0.2,,17.8,1.11,0.84,8,General,Viện Dinh dưỡng Quốc gia,5011,2026-02-11T19:11:31Z
food_5012,food,v1,5012,"Dưa hồng, tươi",,Quả chín,Quả chín,100,per_100g,19.0,0.3,4.1,0.1,,18.5,2.63,0.84,8,General,Viện Dinh dưỡng Quốc gia,5012,2026-02-11T19:11:33Z
food_5013,food,v1,5013,"Dưa lê, tươi","Honey dew melon, raw",Quả chín,Quả chín,100,per_100g,20.0,0.4,4.7,,,20.4,2.0,0.69,8,General,Viện Dinh dưỡng Quốc gia,5013,2026-02-11T19:11:33Z
food_5014,food,v1,5014,"Dứa ta, tươi","Pineapple, wild, raw",Quả chín,Quả chín,100,per_100g,32.0,0.8,7.3,,,32.4,1.25,0.69,8,General,Viện Dinh dưỡng Quốc gia,5014,2026-02-11T19:11:33Z
food_5015,food,v1,5015,"Dứa tây, tươi","Pineapple, raw",Quả chín,Quả chín,100,per_100g,40.0,0.5,9.23,0.07,,39.55,1.13,0.84,8,General,Viện Dinh dưỡng Quốc gia,5015,2026-02-11T19:11:33Z
food_5016,food,v1,5016,"Đào, tươi","Peach, raw",Quả chín,Quả chín,100,per_100g,37.0,0.9,7.8,0.2,,36.6,1.08,0.84,8,General,Viện Dinh dưỡng Quốc gia,5016,2026-02-11T19:11:33Z
food_5017,food,v1,5017,"Đu đủ chín, tươi","Papaya ripe, raw",Quả chín,Quả chín,100,per_100g,38.0,1.0,8.19,0.11,,37.75,0.66,0.84,8,General,Viện Dinh dưỡng Quốc gia,5017,2026-02-11T19:11:33Z
food_5018,food,v1,5018,"Gioi, tươi","Ohia; Malaya roseapple, raw",Quả chín,Quả chín,100,per_100g,27.0,0.4,6.4,,,27.2,0.74,0.69,8,General,Viện Dinh dưỡng Quốc gia,5018,2026-02-11T19:11:33Z
food_5019,food,v1,5019,"Hồng bì, tươi","Wampee, Chinese; Wampi, raw",Quả chín,Quả chín,100,per_100g,44.0,1.4,9.6,,,44.0,0.0,0.69,8,General,Viện Dinh dưỡng Quốc gia,5019,2026-02-11T19:11:33Z
food_5020,food,v1,5020,"Hồng đỏ, tươi","Persimmon kaki soft type, ripe, raw",Quả chín,Quả chín,100,per_100g,38.0,0.7,8.6,0.1,,38.1,0.26,0.84,8,General,Viện Dinh dưỡng Quốc gia,5020,2026-02-11T19:11:33Z
food_5021,food,v1,5021,"Hồng ngâm, tươi","Persimmon kaki, Hard-type, ripe, raw",Quả chín,Quả chín,100,per_100g,48.0,0.9,11.1,,,48.0,0.0,0.69,8,General,Viện Dinh dưỡng Quốc gia,5021,2026-02-11T19:11:33Z
food_5022,food,v1,5022,"Hồng xiêm, tươi","Sapodilla, sapota ponderosa, raw",Quả chín,Quả chín,100,per_100g,58.0,0.5,12.5,0.7,,58.3,0.52,0.84,8,General,Viện Dinh dưỡng Quốc gia,5022,2026-02-11T19:11:33Z
food_5023,food,v1,5023,"Lê, tươi","Pear, raw",Quả chín,Quả chín,100,per_100g,48.0,0.7,10.8,0.2,,47.8,0.42,0.84,8,General,Viện Dinh dưỡng Quốc gia,5023,2026-02-11T19:11:33Z
food_5024,food,v1,5024,"Lựu, tươi","Pome granate, raw",Quả chín,Quả chín,100,per_100g,79.0,0.6,18.85,0.15,,79.15,0.19,0.84,8,General,Viện Dinh dưỡng Quốc gia,5024,2026-02-11T19:11:33Z
food_5025,food,v1,5025,"Mãng cầu xiêm, tươi","Soursop, raw",Quả chín,Quả chín,100,per_100g,58.0,1.8,12.6,,,57.6,0.69,0.69,8,General,Viện Dinh dưỡng Quốc gia,5025,2026-02-11T19:11:33Z
food_5026,food,v1,5026,"Mắc coọc, tươi","Wild Himalayan pear, raw",Quả chín,Quả chín,100,per_100g,24.0,0.2,5.7,,,23.6,1.67,0.69,8,General,Viện Dinh dưỡng Quốc gia,5026,2026-02-11T19:11:33Z
food_5027,food,v1,5027,"Mận tím, tươi","Japanese plum, raw",Quả chín,Quả chín,100,per_100g,23.0,0.6,4.6,0.2,,22.6,1.74,0.84,8,General,Viện Dinh dưỡng Quốc gia,5027,2026-02-11T19:11:36Z
food_5028,food,v1,5028,"Mít dai, tươi","Jackfruit, mature, raw",Quả chín,Quả chín,100,per_100g,54.0,0.6,12.41,0.19,,53.75,0.46,0.84,8,General,Viện Dinh dưỡng Quốc gia,5028,2026-02-11T19:11:36Z
food_5029,food,v1,5029,Mít khô,"Jackfruit, dried",Quả chín,Quả chín,100,per_100g,286.0,2.9,68.5,,,285.6,0.14,0.69,8,General,Viện Dinh dưỡng Quốc gia,5029,2026-02-11T19:11:36Z
food_5030,food,v1,5030,"Mít mật , tươi","Jackfruit, sweet type, raw",Quả chín,Quả chín,100,per_100g,67.0,1.5,15.2,,,66.8,0.3,0.69,8,General,Viện Dinh dưỡng Quốc gia,5030,2026-02-11T19:11:36Z
food_5031,food,v1,5031,"Mơ, tươi","Apricot, raw",Quả chín,Quả chín,100,per_100g,50.0,0.9,11.03,0.27,,50.15,0.3,0.84,8,General,Viện Dinh dưỡng Quốc gia,5031,2026-02-11T19:11:36Z
food_5032,food,v1,5032,"Mơ, khô","Apricot, dried",Quả chín,Quả chín,100,per_100g,290.0,3.0,66.9,1.1,,289.5,0.17,0.84,8,General,Viện Dinh dưỡng Quốc gia,5032,2026-02-11T19:11:36Z
food_5033,food,v1,5033,"Muỗm, quéo, tươi","Mango, common; Indian mango, unripe, raw",Quả chín,Quả chín,100,per_100g,69.0,0.6,15.7,0.4,,68.8,0.29,0.84,8,General,Viện Dinh dưỡng Quốc gia,5033,2026-02-11T19:11:36Z
food_5034,food,v1,5034,"Na, tươi","Sugar apple, sweetsop, raw",Quả chín,Quả chín,100,per_100g,69.0,1.6,15.1,0.2,,68.6,0.58,0.84,8,General,Viện Dinh dưỡng Quốc gia,5034,2026-02-11T19:11:36Z
food_5035,food,v1,5035,"Nhãn, tươi ","Longan, raw",Quả chín,Quả chín,100,per_100g,52.0,0.9,12.0,,,51.6,0.77,0.69,8,General,Viện Dinh dưỡng Quốc gia,5035,2026-02-11T19:11:36Z
food_5036,food,v1,5036,"Nhãn, khô","Longan, dried",Quả chín,Quả chín,100,per_100g,292.0,4.3,67.6,0.5,,292.1,0.03,0.84,8,General,Viện Dinh dưỡng Quốc gia,5036,2026-02-11T19:11:36Z
food_5037,food,v1,5037,"Nho ngọt, tươi","Grape, European, sweet, raw",Quả chín,Quả chín,100,per_100g,71.0,0.4,16.99,0.11,,70.55,0.63,0.84,8,General,Viện Dinh dưỡng Quốc gia,5037,2026-02-11T19:11:36Z
food_5038,food,v1,5038,"Nho ta (nho chua), tươi","Grape fruit, wild, raw",Quả chín,Quả chín,100,per_100g,24.0,0.4,5.5,,,23.6,1.67,0.69,8,General,Viện Dinh dưỡng Quốc gia,5038,2026-02-11T19:11:36Z
food_5039,food,v1,5039,"Nhót, tươi","Silver berry, raw",Quả chín,Quả chín,100,per_100g,22.0,1.2,4.4,,,22.4,1.82,0.69,8,General,Viện Dinh dưỡng Quốc gia,5039,2026-02-11T19:11:36Z
food_5040,food,v1,5040,"Ổi, quả chín, tươi","Guava, common, raw",Quả chín,Quả chín,100,per_100g,61.0,0.6,12.94,0.76,,61.0,0.0,0.84,8,General,Viện Dinh dưỡng Quốc gia,5040,2026-02-11T19:11:36Z
food_5041,food,v1,5041,"Quả bơ vỏ tím, tươi","Avocado, Alligator Pear, raw",Quả chín,Quả chín,100,per_100g,76.0,1.8,3.2,6.2,,75.8,0.26,0.84,8,General,Viện Dinh dưỡng Quốc gia,5041,2026-02-11T19:11:36Z
food_5042,food,v1,5042,"Quả bơ vỏ xanh, tươi","Avocado, Alligator Pear, raaw",Quả chín,Quả chín,100,per_100g,103.0,1.9,2.8,9.4,,103.4,0.39,0.84,8,General,Viện Dinh dưỡng Quốc gia,5042,2026-02-11T19:11:38Z
food_5043,food,v1,5043,"Quả cóc, tươi","Pork plum, Tahitian apple, Otaheite apple, raw",Quả chín,Quả chín,100,per_100g,62.0,1.8,13.7,,,62.0,0.0,0.69,8,General,Viện Dinh dưỡng Quốc gia,5043,2026-02-11T19:11:38Z
food_5044,food,v1,5044,"Quả thanh long, tươi","Dragon's eyes fruit, raw",Quả chín,Quả chín,100,per_100g,47.0,1.3,10.5,,,47.2,0.43,0.69,8,General,Viện Dinh dưỡng Quốc gia,5044,2026-02-11T19:11:38Z
food_5045,food,v1,5045,"Quả trứng gà, tươi","Lúcuma, raw",Quả chín,Quả chín,100,per_100g,106.0,4.3,21.3,0.4,,106.0,0.0,0.84,8,General,Viện Dinh dưỡng Quốc gia,5045,2026-02-11T19:11:38Z
food_5046,food,v1,5046,"Quất chín, tươi","Mandarin, raw",Quả chín,Quả chín,100,per_100g,42.0,0.9,9.6,,,42.0,0.0,0.69,8,General,Viện Dinh dưỡng Quốc gia,5046,2026-02-11T19:11:38Z
food_5047,food,v1,5047,"Quít, tươi","Tangerine; Orange; Mandarin, raw",Quả chín,Quả chín,100,per_100g,40.0,0.8,9.2,,,40.0,0.0,0.69,8,General,Viện Dinh dưỡng Quốc gia,5047,2026-02-11T19:11:38Z
food_5048,food,v1,5048,"Sầu riêng, tươi","Durian, raw",Quả chín,Quả chín,100,per_100g,138.0,2.5,28.3,1.6,,137.6,0.29,0.84,8,General,Viện Dinh dưỡng Quốc gia,5048,2026-02-11T19:11:38Z
food_5049,food,v1,5049,"Sấu chín, tươi   ","Sanpidus, ripe, raw",Quả chín,Quả chín,100,per_100g,49.0,1.3,10.9,,,48.8,0.41,0.69,8,General,Viện Dinh dưỡng Quốc gia,5049,2026-02-11T19:11:38Z
food_5050,food,v1,5050,"Táo ta, tươi","Jujube, Vietnamese apple, raw",Quả chín,Quả chín,100,per_100g,40.0,0.8,9.2,,,40.0,0.0,0.69,8,General,Viện Dinh dưỡng Quốc gia,5050,2026-02-11T19:11:38Z
food_5051,food,v1,5051,"Táo tây, tươi","Apple, common, raw",Quả chín,Quả chín,100,per_100g,50.0,0.5,11.71,0.09,,49.65,0.7,0.84,8,General,Viện Dinh dưỡng Quốc gia,5051,2026-02-11T19:11:38Z
food_5052,food,v1,5052,"Vải, tươi   ","Litchi; lychee, raw",Quả chín,Quả chín,100,per_100g,49.0,0.7,10.75,0.35,,48.95,0.1,0.84,8,General,Viện Dinh dưỡng Quốc gia,5052,2026-02-11T19:11:38Z
food_5053,food,v1,5053,"Vải, khô","Litchi, dried with shells",Quả chín,Quả chín,100,per_100g,264.0,3.0,58.6,1.9,,263.5,0.19,0.84,8,General,Viện Dinh dưỡng Quốc gia,5053,2026-02-11T19:11:38Z
food_5054,food,v1,5054,"Vú sữa, tươi","Starapple, cainito, raw",Quả chín,Quả chín,100,per_100g,51.0,1.0,11.7,,,50.8,0.39,0.69,8,General,Viện Dinh dưỡng Quốc gia,5054,2026-02-11T19:11:38Z
food_5055,food,v1,5055,"Xoài chín, tươi","Mango, common, ripe, raw",Quả chín,Quả chín,100,per_100g,69.0,0.6,15.9,0.3,,68.7,0.43,0.84,8,General,Viện Dinh dưỡng Quốc gia,5055,2026-02-11T19:11:38Z
food_5056,food,v1,5056,"Quả kiwi, tươi","Kiwifruit, Chinese gooseberry, raw",Quả chín,Quả chín,100,per_100g,68.0,1.14,14.66,0.52,,67.88,0.18,0.84,8,General,Viện Dinh dưỡng Quốc gia,5056,2026-02-11T19:11:38Z
food_5058,food,v1,5058,Táo mèo,,Quả chín,Quả chín,100,per_100g,92.0,1.94,20.65,0.17,,91.89,0.12,0.84,8,General,Viện Dinh dưỡng Quốc gia,5058,2026-02-11T19:11:40Z
food_5060,food,v1,5060,Dưa lưới,Cantaloupe,Quả chín,Quả chín,100,per_100g,38.0,0.84,8.16,0.19,,37.71,0.76,0.84,8,General,Viện Dinh dưỡng Quốc gia,5060,2026-02-11T19:11:40Z
food_5061,food,v1,5061,Măng cụt,Mangosteen,Quả chín,Quả chín,100,per_100g,65.0,0.6,14.4,0.6,,65.4,0.62,0.84,8,General,Viện Dinh dưỡng Quốc gia,5061,2026-02-11T19:11:40Z
food_6001,food,v1,6001,Bơ,"Butter, unsalted","Dầu, mỡ, bơ","Dầu, mỡ, bơ",100,per_100g,756.0,0.5,0.5,83.5,,755.5,0.07,0.84,8,General,Viện Dinh dưỡng Quốc gia,6001,2026-02-11T19:11:40Z
food_6002,food,v1,6002,"Dầu thảo mộc (Lạc, vừng, cám...)","Vegetable oil, mixed varieties","Dầu, mỡ, bơ","Dầu, mỡ, bơ",100,per_100g,897.0,,,99.7,,897.3,0.03,0.54,8,General,Viện Dinh dưỡng Quốc gia,6002,2026-02-11T19:11:40Z
food_6003,food,v1,6003,"Mỡ lợn, muối","Lard, salted","Dầu, mỡ, bơ","Dầu, mỡ, bơ",100,per_100g,827.0,2.0,,91.0,,827.0,0.0,0.69,8,General,Viện Dinh dưỡng Quốc gia,6003,2026-02-11T19:11:40Z
food_6004,food,v1,6004,"Mỡ lợn, nước","Lard, liquid","Dầu, mỡ, bơ","Dầu, mỡ, bơ",100,per_100g,896.0,,,99.6,,896.4,0.04,0.54,8,General,Viện Dinh dưỡng Quốc gia,6004,2026-02-11T19:11:40Z
food_6005,food,v1,6005,Bơ thực vật,"Margarine, unsalted","Dầu, mỡ, bơ","Dầu, mỡ, bơ",100,per_100g,729.0,0.5,0.1,80.7,,728.7,0.04,0.84,8,General,Viện Dinh dưỡng Quốc gia,6005,2026-02-11T19:11:40Z
food_6006,food,v1,6006,Dầu bông,"Oil, cottonseed, salad or cooking","Dầu, mỡ, bơ","Dầu, mỡ, bơ",100,per_100g,900.0,,,100.0,,900.0,0.0,0.54,8,General,Viện Dinh dưỡng Quốc gia,6006,2026-02-11T19:11:40Z
food_6007,food,v1,6007,Dầu cám gạo,"Oil, rice bran","Dầu, mỡ, bơ","Dầu, mỡ, bơ",100,per_100g,900.0,,,100.0,,900.0,0.0,0.54,8,General,Viện Dinh dưỡng Quốc gia,6007,2026-02-11T19:11:40Z
food_6008,food,v1,6008,Dầu cọ,"Vegetable oil, palm kernel","Dầu, mỡ, bơ","Dầu, mỡ, bơ",100,per_100g,900.0,,,100.0,,900.0,0.0,0.54,8,General,Viện Dinh dưỡng Quốc gia,6008,2026-02-11T19:11:40Z
food_6009,food,v1,6009,Dầu dừa,"Oil, coconut kernel","Dầu, mỡ, bơ","Dầu, mỡ, bơ",100,per_100g,900.0,,,100.0,,900.0,0.0,0.54,8,General,Viện Dinh dưỡng Quốc gia,6009,2026-02-11T19:11:40Z
food_6010,food,v1,6010,Dầu đậu tương,"Oil, soybean, salad or cooking","Dầu, mỡ, bơ","Dầu, mỡ, bơ",100,per_100g,900.0,,,100.0,,900.0,0.0,0.54,8,General,Viện Dinh dưỡng Quốc gia,6010,2026-02-11T19:11:40Z
food_6011,food,v1,6011,Dầu lạc,"Oil, peanut, salad or cooking","Dầu, mỡ, bơ","Dầu, mỡ, bơ",100,per_100g,900.0,,,100.0,,900.0,0.0,0.54,8,General,Viện Dinh dưỡng Quốc gia,6011,2026-02-11T19:11:40Z
food_6012,food,v1,6012,Dầu mè,"Oil, sesame, salad or cooking","Dầu, mỡ, bơ","Dầu, mỡ, bơ",100,per_100g,900.0,,,100.0,,900.0,0.0,0.54,8,General,Viện Dinh dưỡng Quốc gia,6012,2026-02-11T19:11:40Z
food_6013,food,v1,6013,Dầu ngô ,"Oil, corn, salad or cooking","Dầu, mỡ, bơ","Dầu, mỡ, bơ",100,per_100g,900.0,,,100.0,,900.0,0.0,0.54,8,General,Viện Dinh dưỡng Quốc gia,6013,2026-02-11T19:11:43Z
food_6014,food,v1,6014,Dầu oliu,"Oil, olive, salad or cooking","Dầu, mỡ, bơ","Dầu, mỡ, bơ",100,per_100g,900.0,,,100.0,,900.0,0.0,0.54,8,General,Viện Dinh dưỡng Quốc gia,6014,2026-02-11T19:11:43Z
food_6023,food,v1,6023,Dầu hỗn hợp,"Vegetable oil, mixed varieties","Dầu, mỡ, bơ","Dầu, mỡ, bơ",100,per_100g,897.0,,,99.7,,897.3,0.03,0.54,8,General,Viện Dinh dưỡng Quốc gia,6023,2026-02-11T19:11:43Z
food_7001,food,v1,7001,"Thịt bê, mỡ, tươi","Veal, lean and fat meat, raw",Thịt và sản phẩm chế biến,Thịt và sản phẩm chế biến,100,per_100g,144.0,19.0,,7.5,,143.5,0.35,0.69,8,General,Viện Dinh dưỡng Quốc gia,7001,2026-02-11T19:11:43Z
food_7002,food,v1,7002,"Thịt bê, nạc, tươi","Veal, lean meat only, raw",Thịt và sản phẩm chế biến,Thịt và sản phẩm chế biến,100,per_100g,85.0,20.0,,0.5,,84.5,0.59,0.69,8,General,Viện Dinh dưỡng Quốc gia,7002,2026-02-11T19:11:43Z
food_7003,food,v1,7003,"Thịt bò, loại I, tươi","Beef, meat, grade I, raw",Thịt và sản phẩm chế biến,Thịt và sản phẩm chế biến,100,per_100g,118.0,21.0,,3.8,,118.2,0.17,0.69,8,General,Viện Dinh dưỡng Quốc gia,7003,2026-02-11T19:11:43Z
food_7004,food,v1,7004,"Thịt bò, loại II, tươi","Beef, meat, grade II, raw",Thịt và sản phẩm chế biến,Thịt và sản phẩm chế biến,100,per_100g,167.0,18.0,,10.5,,166.5,0.3,0.69,8,General,Viện Dinh dưỡng Quốc gia,7004,2026-02-11T19:11:43Z
food_7005,food,v1,7005,"Thịt bò, lưng, nạc, tươi","Beef, short loin, top loin, seperable lean only, trimmed to 1/8"" fat, prime, raw",Thịt và sản phẩm chế biến,Thịt và sản phẩm chế biến,100,per_100g,121.0,23.07,0.1,3.16,,121.12,0.1,0.84,8,General,Viện Dinh dưỡng Quốc gia,7005,2026-02-11T19:11:43Z
food_7005018,food,v1,7005018,"Thịt bò, lưng, nạc, chần","Beef, loin, lean, poached",Thịt và sản phẩm chế biến,Thịt và sản phẩm chế biến,100,per_100g,157.0,34.43,4.87,,,157.2,0.13,0.71,7,General,Viện Dinh dưỡng Quốc gia,7005018,2026-02-11T19:11:43Z
food_7006,food,v1,7006,"Thịt bò, lưng, nạc và mỡ, tươi","Beef, short loin, top loin, seperable lean only, trimmed to 1/4"" fat, prime, raw",Thịt và sản phẩm chế biến,Thịt và sản phẩm chế biến,100,per_100g,174.0,21.53,0.7,9.49,,174.33,0.19,0.84,8,General,Viện Dinh dưỡng Quốc gia,7006,2026-02-11T19:11:43Z
food_7006018,food,v1,7006018,"Thịt bò, lưng, nạc và mỡ, chần","Beef, loin, medium fat, poached",Thịt và sản phẩm chế biến,Thịt và sản phẩm chế biến,100,per_100g,189.0,32.13,15.21,,,189.36,0.19,0.71,7,General,Viện Dinh dưỡng Quốc gia,7006018,2026-02-11T19:11:43Z
food_7007,food,v1,7007,"Thịt bồ câu, cả con non (ra ràng), tươi","Pigeon, young bird, raw",Thịt và sản phẩm chế biến,Thịt và sản phẩm chế biến,100,per_100g,340.0,17.5,,30.0,,340.0,0.0,0.69,8,General,Viện Dinh dưỡng Quốc gia,7007,2026-02-11T19:11:43Z
food_7008,food,v1,7008,"Thịt chó, sấn, tươi","Dog, lean and fat meat, raw",Thịt và sản phẩm chế biến,Thịt và sản phẩm chế biến,100,per_100g,338.0,16.0,,30.4,,337.6,0.12,0.69,8,General,Viện Dinh dưỡng Quốc gia,7008,2026-02-11T19:11:43Z
food_7009,food,v1,7009,"Thịt chó, vai, tươi","Dog, shoulder, lean and fat meat, raw",Thịt và sản phẩm chế biến,Thịt và sản phẩm chế biến,100,per_100g,230.0,18.0,,17.6,,230.4,0.17,0.69,8,General,Viện Dinh dưỡng Quốc gia,7009,2026-02-11T19:11:43Z
food_7010,food,v1,7010,"Thịt cừu, nạc, tươi","Mutton, lean meat, raw",Thịt và sản phẩm chế biến,Thịt và sản phẩm chế biến,100,per_100g,219.0,16.4,,17.0,,218.6,0.18,0.69,8,General,Viện Dinh dưỡng Quốc gia,7010,2026-02-11T19:11:43Z
food_7011,food,v1,7011,"Thịt dê, nạc, tươi","Goat, lean meat, raw",Thịt và sản phẩm chế biến,Thịt và sản phẩm chế biến,100,per_100g,122.0,20.7,,4.3,,121.5,0.41,0.69,8,General,Viện Dinh dưỡng Quốc gia,7011,2026-02-11T19:11:45Z
food_7011003,food,v1,7011003,"Thịt dê, nạc, hấp","Goat meat, lean, steamed",Thịt và sản phẩm chế biến,Thịt và sản phẩm chế biến,100,per_100g,213.0,36.32,,7.54,,213.14,0.07,0.71,7,General,Viện Dinh dưỡng Quốc gia,7011003,2026-02-11T19:11:45Z
food_7012,food,v1,7012,"Thịt gà rừng, tươi","Chicken, wild, raw",Thịt và sản phẩm chế biến,Thịt và sản phẩm chế biến,100,per_100g,141.0,24.4,,4.8,,140.8,0.14,0.69,8,General,Viện Dinh dưỡng Quốc gia,7012,2026-02-11T19:11:45Z
food_7013,food,v1,7013,"Thịt gà ta, tươi","Chicken, average meat, raw",Thịt và sản phẩm chế biến,Thịt và sản phẩm chế biến,100,per_100g,199.0,20.3,,13.1,,199.1,0.05,0.69,8,General,Viện Dinh dưỡng Quốc gia,7013,2026-02-11T19:11:45Z
food_7014,food,v1,7014,"Thịt gà tây, tươi","Turkey, average meat, raw",Thịt và sản phẩm chế biến,Thịt và sản phẩm chế biến,100,per_100g,218.0,20.06,0.04,15.3,,218.1,0.05,0.84,8,General,Viện Dinh dưỡng Quốc gia,7014,2026-02-11T19:11:45Z
food_7015,food,v1,7015,"Thịt hươu, tươi","Deer, average meat, raw",Thịt và sản phẩm chế biến,Thịt và sản phẩm chế biến,100,per_100g,94.0,19.0,,2.0,,94.0,0.0,0.69,8,General,Viện Dinh dưỡng Quốc gia,7015,2026-02-11T19:11:45Z
food_7016,food,v1,7016,"Thịt lợn, mỡ, tươi","Pork, fat meat, raw",Thịt và sản phẩm chế biến,Thịt và sản phẩm chế biến,100,per_100g,394.0,14.5,,37.3,,393.7,0.08,0.69,8,General,Viện Dinh dưỡng Quốc gia,7016,2026-02-11T19:11:45Z
food_7017,food,v1,7017,"Thịt lợn, nạc, tươi","Pork, lean meat, raw",Thịt và sản phẩm chế biến,Thịt và sản phẩm chế biến,100,per_100g,139.0,19.0,,7.0,,139.0,0.0,0.69,8,General,Viện Dinh dưỡng Quốc gia,7017,2026-02-11T19:11:45Z
food_7018,food,v1,7018,"Thịt lợn, nửa nạc, nửa mỡ, tươi","Pork, lean and fat meat, raw",Thịt và sản phẩm chế biến,Thịt và sản phẩm chế biến,100,per_100g,260.0,16.5,,21.5,,259.5,0.19,0.69,8,General,Viện Dinh dưỡng Quốc gia,7018,2026-02-11T19:11:45Z
food_7018002,food,v1,7018002,"Thịt lợn nửa nạc, nửa mỡ, luộc","Pork, medium fat meat, boiled",Thịt và sản phẩm chế biến,Thịt và sản phẩm chế biến,100,per_100g,220.0,13.98,,18.22,,219.9,0.05,0.71,7,General,Viện Dinh dưỡng Quốc gia,7018002,2026-02-11T19:11:45Z
food_7019,food,v1,7019,"Thịt ngỗng, tươi","Goose, average meat, raw",Thịt và sản phẩm chế biến,Thịt và sản phẩm chế biến,100,per_100g,409.0,14.0,,39.2,,408.8,0.05,0.69,8,General,Viện Dinh dưỡng Quốc gia,7019,2026-02-11T19:11:45Z
food_7019002,food,v1,7019002,"Thịt ngỗng, luộc","Goose meat, boiled",Thịt và sản phẩm chế biến,Thịt và sản phẩm chế biến,100,per_100g,568.0,19.44,,54.44,,567.72,0.05,0.71,7,General,Viện Dinh dưỡng Quốc gia,7019002,2026-02-11T19:11:45Z
food_7020,food,v1,7020,"Thịt ngựa, tươi","Horse, average meat, raw",Thịt và sản phẩm chế biến,Thịt và sản phẩm chế biến,100,per_100g,176.0,21.5,,10.0,,176.0,0.0,0.69,8,General,Viện Dinh dưỡng Quốc gia,7020,2026-02-11T19:11:45Z
food_7021,food,v1,7021,"Thịt thỏ nhà, tươi","Rabbit, average meat, raw",Thịt và sản phẩm chế biến,Thịt và sản phẩm chế biến,100,per_100g,158.0,21.5,,8.0,,158.0,0.0,0.69,8,General,Viện Dinh dưỡng Quốc gia,7021,2026-02-11T19:11:45Z
food_7022,food,v1,7022,"Thịt thỏ rừng, tươi","Rabbit, wild, average meat, raw",Thịt và sản phẩm chế biến,Thịt và sản phẩm chế biến,100,per_100g,103.0,23.5,,1.0,,103.0,0.0,0.69,8,General,Viện Dinh dưỡng Quốc gia,7022,2026-02-11T19:11:45Z
food_7023,food,v1,7023,"Thịt trâu, tươi","Buffalo, average meat, raw",Thịt và sản phẩm chế biến,Thịt và sản phẩm chế biến,100,per_100g,97.0,20.39,0.89,1.37,,97.45,0.46,0.84,8,General,Viện Dinh dưỡng Quốc gia,7023,2026-02-11T19:11:48Z
food_7024,food,v1,7024,"Thịt trâu, bắp, tươi","Buffalo, shoulder, lean meat, raw",Thịt và sản phẩm chế biến,Thịt và sản phẩm chế biến,100,per_100g,115.0,21.9,,3.0,,114.6,0.35,0.69,8,General,Viện Dinh dưỡng Quốc gia,7024,2026-02-11T19:11:48Z
food_7024002,food,v1,7024002,"Thịt trâu bắp, luộc","Buffalo meat, leg, boiled",Thịt và sản phẩm chế biến,Thịt và sản phẩm chế biến,100,per_100g,171.0,32.69,,4.48,,171.08,0.05,0.69,8,General,Viện Dinh dưỡng Quốc gia,7024002,2026-02-11T19:11:48Z
food_7024018,food,v1,7024018,"Thịt trâu bắp, chần","Buffalo meat, leg, poached",Thịt và sản phẩm chế biến,Thịt và sản phẩm chế biến,100,per_100g,153.0,29.2,,4.0,,152.8,0.13,0.69,8,General,Viện Dinh dưỡng Quốc gia,7024018,2026-02-11T19:11:48Z
food_7025,food,v1,7025,"Thịt trâu, cổ, tươi","Buffalo, neck, lean and fat meat, raw",Thịt và sản phẩm chế biến,Thịt và sản phẩm chế biến,100,per_100g,112.0,20.9,,3.1,,111.5,0.45,0.69,8,General,Viện Dinh dưỡng Quốc gia,7025,2026-02-11T19:11:48Z
food_7026,food,v1,7026,"Thịt trâu, đùi, tươi","Buffalo, leg, lean and fat meat, raw",Thịt và sản phẩm chế biến,Thịt và sản phẩm chế biến,100,per_100g,112.0,21.2,,3.0,,111.8,0.18,0.69,8,General,Viện Dinh dưỡng Quốc gia,7026,2026-02-11T19:11:48Z
food_7027,food,v1,7027,"Thịt trâu, đùi, tươi","Buffalo, loin, lean meat, raw",Thịt và sản phẩm chế biến,Thịt và sản phẩm chế biến,100,per_100g,121.0,22.8,,3.3,,120.9,0.08,0.69,8,General,Viện Dinh dưỡng Quốc gia,7027,2026-02-11T19:11:48Z
food_7027002,food,v1,7027002,"Thịt trâu thăn, luộc","Buffalo meat, tenderloin, boiled",Thịt và sản phẩm chế biến,Thịt và sản phẩm chế biến,100,per_100g,180.0,34.03,,4.93,,180.49,0.27,0.69,8,General,Viện Dinh dưỡng Quốc gia,7027002,2026-02-11T19:11:48Z
food_7027018,food,v1,7027018,"Thịt trâu thăn, chần","Buffalo meat, tenderloin, poached",Thịt và sản phẩm chế biến,Thịt và sản phẩm chế biến,100,per_100g,161.0,30.4,,4.4,,161.2,0.12,0.69,8,General,Viện Dinh dưỡng Quốc gia,7027018,2026-02-11T19:11:48Z
food_7028,food,v1,7028,"Thịt vịt, tươi","Duck, average meat, raw",Thịt và sản phẩm chế biến,Thịt và sản phẩm chế biến,100,per_100g,267.0,17.8,,21.8,,267.4,0.15,0.69,8,General,Viện Dinh dưỡng Quốc gia,7028,2026-02-11T19:11:48Z
food_7028002,food,v1,7028002,"Thịt vịt, luộc","Duck meat, average, boiled",Thịt và sản phẩm chế biến,Thịt và sản phẩm chế biến,100,per_100g,371.0,24.72,,30.28,,371.4,0.11,0.71,7,General,Viện Dinh dưỡng Quốc gia,7028002,2026-02-11T19:11:48Z
food_7029,food,v1,7029,"Bầu dục bò, tươi","Beef, kidney, raw",Thịt và sản phẩm chế biến,Thịt và sản phẩm chế biến,100,per_100g,67.0,12.5,0.3,1.8,,67.4,0.6,0.84,8,General,Viện Dinh dưỡng Quốc gia,7029,2026-02-11T19:11:48Z
food_7029002,food,v1,7029002,"Bầu dục bò, luộc","Kidney, cow, boiled",Thịt và sản phẩm chế biến,Thịt và sản phẩm chế biến,100,per_100g,91.0,16.89,0.41,2.43,,91.07,0.08,0.86,7,General,Viện Dinh dưỡng Quốc gia,7029002,2026-02-11T19:11:48Z
food_7030,food,v1,7030,"Bầu dục lợn, tươi","Pork, kidney, raw",Thịt và sản phẩm chế biến,Thịt và sản phẩm chế biến,100,per_100g,81.0,13.0,0.3,3.1,,81.1,0.12,0.84,8,General,Viện Dinh dưỡng Quốc gia,7030,2026-02-11T19:11:48Z
food_7030002,food,v1,7030002,"Bầu dục lợn, luộc","Kidney, pig, boiled",Thịt và sản phẩm chế biến,Thịt và sản phẩm chế biến,100,per_100g,110.0,17.57,0.41,4.19,,109.63,0.34,0.86,7,General,Viện Dinh dưỡng Quốc gia,7030002,2026-02-11T19:11:48Z
food_7031,food,v1,7031,"Bì lợn, tươi","Pork, skin, raw",Thịt và sản phẩm chế biến,Thịt và sản phẩm chế biến,100,per_100g,118.0,23.3,,2.7,,117.5,0.42,0.69,8,General,Viện Dinh dưỡng Quốc gia,7031,2026-02-11T19:11:50Z
food_7032,food,v1,7032,"Chân giò lợn, tươi","Pork, leg , raw",Thịt và sản phẩm chế biến,Thịt và sản phẩm chế biến,100,per_100g,230.0,15.7,,18.6,,230.2,0.09,0.69,8,General,Viện Dinh dưỡng Quốc gia,7032,2026-02-11T19:11:50Z
food_7032002,food,v1,7032002,"Thịt chân giò lợn, luộc","Pork, leg meat, boiled",Thịt và sản phẩm chế biến,Thịt và sản phẩm chế biến,100,per_100g,230.0,15.7,,18.6,,230.2,0.09,0.71,7,General,Viện Dinh dưỡng Quốc gia,7032002,2026-02-11T19:11:50Z
food_7033,food,v1,7033,"Dạ dày bò, tươi","Beef, stomach, raw",Thịt và sản phẩm chế biến,Thịt và sản phẩm chế biến,100,per_100g,97.0,14.8,,4.2,,97.0,0.0,0.69,8,General,Viện Dinh dưỡng Quốc gia,7033,2026-02-11T19:11:50Z
food_7034,food,v1,7034,"Dạ dày lợn, tươi","Pork, stomach, raw",Thịt và sản phẩm chế biến,Thịt và sản phẩm chế biến,100,per_100g,85.0,14.6,,2.9,,84.5,0.59,0.69,8,General,Viện Dinh dưỡng Quốc gia,7034,2026-02-11T19:11:50Z
food_7034002,food,v1,7034002,"Dạ dày lợn, luộc","Hog, stomach, boiled",Thịt và sản phẩm chế biến,Thịt và sản phẩm chế biến,100,per_100g,106.0,18.25,,3.63,,105.67,0.31,0.71,7,General,Viện Dinh dưỡng Quốc gia,7034002,2026-02-11T19:11:50Z
food_7035,food,v1,7035,"Đầu bò, tươi","Beef, head, raw",Thịt và sản phẩm chế biến,Thịt và sản phẩm chế biến,100,per_100g,185.0,18.1,,12.5,,184.9,0.05,0.69,8,General,Viện Dinh dưỡng Quốc gia,7035,2026-02-11T19:11:50Z
food_7036,food,v1,7036,"Đầu lợn, tươi","Pork, head, raw",Thịt và sản phẩm chế biến,Thịt và sản phẩm chế biến,100,per_100g,335.0,13.4,,31.3,,335.3,0.09,0.69,8,General,Viện Dinh dưỡng Quốc gia,7036,2026-02-11T19:11:50Z
food_7037,food,v1,7037,"Đuôi bò, tươi","Beef, tail, raw",Thịt và sản phẩm chế biến,Thịt và sản phẩm chế biến,100,per_100g,137.0,19.7,,6.5,,137.3,0.22,0.69,8,General,Viện Dinh dưỡng Quốc gia,7037,2026-02-11T19:11:50Z
food_7038,food,v1,7038,"Đuôi lợn, tươi","Pork, tail, raw",Thịt và sản phẩm chế biến,Thịt và sản phẩm chế biến,100,per_100g,467.0,10.8,,47.1,,467.1,0.02,0.69,8,General,Viện Dinh dưỡng Quốc gia,7038,2026-02-11T19:11:50Z
food_7039,food,v1,7039,"Gan bò, tươi","Beef, liver, raw",Thịt và sản phẩm chế biến,Thịt và sản phẩm chế biến,100,per_100g,110.0,17.4,3.0,3.1,,109.5,0.45,0.84,8,General,Viện Dinh dưỡng Quốc gia,7039,2026-02-11T19:11:50Z
food_7040,food,v1,7040,"Gan gà, tươi","Chicken, liver, raw",Thịt và sản phẩm chế biến,Thịt và sản phẩm chế biến,100,per_100g,111.0,18.2,2.0,3.4,,111.4,0.36,0.84,8,General,Viện Dinh dưỡng Quốc gia,7040,2026-02-11T19:11:50Z
food_7040002,food,v1,7040002,"Gan gà, luộc","Liver, chicken, boiled",Thịt và sản phẩm chế biến,Thịt và sản phẩm chế biến,100,per_100g,155.0,25.28,2.78,4.72,,154.72,0.18,0.86,7,General,Viện Dinh dưỡng Quốc gia,7040002,2026-02-11T19:11:50Z
food_7041,food,v1,7041,"Gan lợn, tươi","Pork, liver, raw",Thịt và sản phẩm chế biến,Thịt và sản phẩm chế biến,100,per_100g,116.0,18.8,2.0,3.6,,115.6,0.34,0.84,8,General,Viện Dinh dưỡng Quốc gia,7041,2026-02-11T19:11:50Z
food_7041002,food,v1,7041002,"Gan lợn, luộc","Liver, pig, boiled",Thịt và sản phẩm chế biến,Thịt và sản phẩm chế biến,100,per_100g,150.0,24.42,2.6,4.68,,150.2,0.13,0.86,7,General,Viện Dinh dưỡng Quốc gia,7041002,2026-02-11T19:11:50Z
food_7042,food,v1,7042,"Gan vịt, tươi","Duck, liver, raw",Thịt và sản phẩm chế biến,Thịt và sản phẩm chế biến,100,per_100g,122.0,17.1,2.8,4.7,,121.9,0.08,0.84,8,General,Viện Dinh dưỡng Quốc gia,7042,2026-02-11T19:11:53Z
food_7042002,food,v1,7042002,"Gan vịt, luộc","Liver, duck, boiled",Thịt và sản phẩm chế biến,Thịt và sản phẩm chế biến,100,per_100g,156.0,21.92,3.59,6.03,,156.31,0.2,0.86,7,General,Viện Dinh dưỡng Quốc gia,7042002,2026-02-11T19:11:53Z
food_7043,food,v1,7043,"Gân chân bò, tươi","Beef, tendon, leg, raw",Thịt và sản phẩm chế biến,Thịt và sản phẩm chế biến,100,per_100g,124.0,30.2,,0.3,,123.5,0.4,0.69,8,General,Viện Dinh dưỡng Quốc gia,7043,2026-02-11T19:11:53Z
food_7043006,food,v1,7043006,"Thịt bò, gân, kho/om","Beef, tendon-leg, braised",Thịt và sản phẩm chế biến,Thịt và sản phẩm chế biến,100,per_100g,175.0,21.05,7.02,7.02,,175.46,0.26,0.84,8,General,Viện Dinh dưỡng Quốc gia,7043006,2026-02-11T19:11:53Z
food_7044,food,v1,7044,"Lưỡi bò, tươi","Beef, tongue, raw",Thịt và sản phẩm chế biến,Thịt và sản phẩm chế biến,100,per_100g,164.0,13.6,0.2,12.1,,164.1,0.06,0.84,8,General,Viện Dinh dưỡng Quốc gia,7044,2026-02-11T19:11:53Z
food_7044002,food,v1,7044002,"Lưỡi bò, luộc","Tongue, cow, boiled",Thịt và sản phẩm chế biến,Thịt và sản phẩm chế biến,100,per_100g,234.0,19.43,0.29,17.29,,234.49,0.21,0.86,7,General,Viện Dinh dưỡng Quốc gia,7044002,2026-02-11T19:11:53Z
food_7045,food,v1,7045,"Lưỡi lợn, tươi","Pork, tongue, raw",Thịt và sản phẩm chế biến,Thịt và sản phẩm chế biến,100,per_100g,178.0,14.2,1.4,12.8,,177.6,0.22,0.84,8,General,Viện Dinh dưỡng Quốc gia,7045,2026-02-11T19:11:53Z
food_7045002,food,v1,7045002,"Lưỡi lợn, luộc","Tongue, cow, boiled",Thịt và sản phẩm chế biến,Thịt và sản phẩm chế biến,100,per_100g,254.0,20.29,2.0,18.29,,253.77,0.09,0.86,7,General,Viện Dinh dưỡng Quốc gia,7045002,2026-02-11T19:11:53Z
food_7046,food,v1,7046,"Lòng lợn (ruột già), tươi","Pork, large intestine, raw",Thịt và sản phẩm chế biến,Thịt và sản phẩm chế biến,100,per_100g,167.0,6.9,0.8,15.1,,166.7,0.18,0.84,8,General,Viện Dinh dưỡng Quốc gia,7046,2026-02-11T19:11:53Z
food_7047,food,v1,7047,"Lòng lợn (ruột non), tươi","Pork, small intestine, raw",Thịt và sản phẩm chế biến,Thịt và sản phẩm chế biến,100,per_100g,44.0,7.2,0.8,1.3,,43.7,0.68,0.84,8,General,Viện Dinh dưỡng Quốc gia,7047,2026-02-11T19:11:53Z
food_7047002,food,v1,7047002,"Lòng lợn (ruột non), luộc","Hog, intestine, small, boiled",Thịt và sản phẩm chế biến,Thịt và sản phẩm chế biến,100,per_100g,55.0,9.0,1.0,1.63,,54.67,0.6,0.84,8,General,Viện Dinh dưỡng Quốc gia,7047002,2026-02-11T19:11:53Z
food_7048,food,v1,7048,"Mề gà, tươi","Chicken, gizzard, raw",Thịt và sản phẩm chế biến,Thịt và sản phẩm chế biến,100,per_100g,99.0,21.3,0.6,1.3,,99.3,0.3,0.84,8,General,Viện Dinh dưỡng Quốc gia,7048,2026-02-11T19:11:53Z
food_7048002,food,v1,7048002,"Mề gà, luộc","Chicken gizzard, boiled",Thịt và sản phẩm chế biến,Thịt và sản phẩm chế biến,100,per_100g,127.0,27.31,0.77,1.67,,127.35,0.28,0.86,7,General,Viện Dinh dưỡng Quốc gia,7048002,2026-02-11T19:11:53Z
food_7049,food,v1,7049,"Óc bò, tươi","Beef, brain, raw",Thịt và sản phẩm chế biến,Thịt và sản phẩm chế biến,100,per_100g,124.0,9.0,0.5,9.5,,123.5,0.4,0.84,8,General,Viện Dinh dưỡng Quốc gia,7049,2026-02-11T19:11:53Z
food_7049002,food,v1,7049002,"Óc bò, luộc","Brain, cow, boiled",Thịt và sản phẩm chế biến,Thịt và sản phẩm chế biến,100,per_100g,134.0,9.78,0.54,10.33,,134.25,0.19,0.86,7,General,Viện Dinh dưỡng Quốc gia,7049002,2026-02-11T19:11:53Z
food_7050,food,v1,7050,"Óc lợn, tươi","Pork, brain, raw",Thịt và sản phẩm chế biến,Thịt và sản phẩm chế biến,100,per_100g,123.0,9.0,0.4,9.5,,123.1,0.08,0.84,8,General,Viện Dinh dưỡng Quốc gia,7050,2026-02-11T19:11:55Z
food_7050002,food,v1,7050002,"Óc lợn, luộc","Brain, pig, boiled",Thịt và sản phẩm chế biến,Thịt và sản phẩm chế biến,100,per_100g,134.0,9.78,0.43,10.33,,133.81,0.14,0.86,7,General,Viện Dinh dưỡng Quốc gia,7050002,2026-02-11T19:11:55Z
food_7051,food,v1,7051,"Phổi bò, tươi","Beef, lung, raw",Thịt và sản phẩm chế biến,Thịt và sản phẩm chế biến,100,per_100g,103.0,15.2,,4.7,,103.1,0.1,0.69,8,General,Viện Dinh dưỡng Quốc gia,7051,2026-02-11T19:11:55Z
food_7052,food,v1,7052,"Phổi lợn, tươi","Pork, lung, raw",Thịt và sản phẩm chế biến,Thịt và sản phẩm chế biến,100,per_100g,92.0,14.8,,3.6,,91.6,0.43,0.69,8,General,Viện Dinh dưỡng Quốc gia,7052,2026-02-11T19:11:55Z
food_7053,food,v1,7053,"Sườn lợn, tươi","Pork, ribs, raw",Thịt và sản phẩm chế biến,Thịt và sản phẩm chế biến,100,per_100g,187.0,17.9,,12.8,,186.8,0.11,0.69,8,General,Viện Dinh dưỡng Quốc gia,7053,2026-02-11T19:11:55Z
food_7054,food,v1,7054,"Tai lợn, tươi","Pork, ears, raw",Thịt và sản phẩm chế biến,Thịt và sản phẩm chế biến,100,per_100g,126.0,21.0,1.3,4.1,,126.1,0.08,0.84,8,General,Viện Dinh dưỡng Quốc gia,7054,2026-02-11T19:11:55Z
food_7054002,food,v1,7054002,"Tai lợn, luộc","Hog ears, boiled",Thịt và sản phẩm chế biến,Thịt và sản phẩm chế biến,100,per_100g,126.0,21.0,1.3,4.1,,126.1,0.08,0.86,7,General,Viện Dinh dưỡng Quốc gia,7054002,2026-02-11T19:11:55Z
food_7055,food,v1,7055,"Tim bò, tươi","Beef, heart, raw",Thịt và sản phẩm chế biến,Thịt và sản phẩm chế biến,100,per_100g,89.0,15.0,0.6,3.0,,89.4,0.45,0.84,8,General,Viện Dinh dưỡng Quốc gia,7055,2026-02-11T19:11:55Z
food_7055002,food,v1,7055002,"Tim bò, luộc","Heart, cow, boiled",Thịt và sản phẩm chế biến,Thịt và sản phẩm chế biến,100,per_100g,131.0,22.06,0.88,4.41,,131.45,0.34,0.86,7,General,Viện Dinh dưỡng Quốc gia,7055002,2026-02-11T19:11:55Z
food_7056,food,v1,7056,"Tim gà, tươi","Chicken, heart, tươi",Thịt và sản phẩm chế biến,Thịt và sản phẩm chế biến,100,per_100g,114.0,16.0,,5.5,,113.5,0.44,0.69,8,General,Viện Dinh dưỡng Quốc gia,7056,2026-02-11T19:11:55Z
food_7056002,food,v1,7056002,"Tim gà, luộc","Heart, chicken, boiled",Thịt và sản phẩm chế biến,Thịt và sản phẩm chế biến,100,per_100g,160.0,22.54,,7.75,,159.91,0.06,0.71,7,General,Viện Dinh dưỡng Quốc gia,7056002,2026-02-11T19:11:55Z
food_7057,food,v1,7057,"Tim lợn, tươi","Pork, heart, raw",Thịt và sản phẩm chế biến,Thịt và sản phẩm chế biến,100,per_100g,94.0,15.1,1.2,3.2,,94.0,0.0,0.84,8,General,Viện Dinh dưỡng Quốc gia,7057,2026-02-11T19:11:55Z
food_7057002,food,v1,7057002,"Tim lợn, luộc","Heart, pig, boiled",Thịt và sản phẩm chế biến,Thịt và sản phẩm chế biến,100,per_100g,138.0,22.21,1.76,4.71,,138.27,0.2,0.86,7,General,Viện Dinh dưỡng Quốc gia,7057002,2026-02-11T19:11:55Z
food_7058,food,v1,7058,"Tiết bò, tươi","Beef, blood, raw",Thịt và sản phẩm chế biến,Thịt và sản phẩm chế biến,100,per_100g,75.0,18.0,0.4,0.2,,75.4,0.53,0.84,8,General,Viện Dinh dưỡng Quốc gia,7058,2026-02-11T19:11:55Z
food_7058002,food,v1,7058002,"Tiết bò, luộc","Blood, cow, boiled",Thịt và sản phẩm chế biến,Thịt và sản phẩm chế biến,100,per_100g,75.0,17.82,0.4,0.2,,74.68,0.43,0.84,8,General,Viện Dinh dưỡng Quốc gia,7058002,2026-02-11T19:11:55Z
food_7059,food,v1,7059,"Tiết lợn, luộc","Pork, blood, boiled",Thịt và sản phẩm chế biến,Thịt và sản phẩm chế biến,100,per_100g,44.0,10.7,,0.1,,43.7,0.68,0.69,8,General,Viện Dinh dưỡng Quốc gia,7059,2026-02-11T19:11:58Z
food_7060,food,v1,7060,"Tiết lợn, tươi","Pork, blood, raw",Thịt và sản phẩm chế biến,Thịt và sản phẩm chế biến,100,per_100g,25.0,5.7,0.2,0.1,,24.5,2.0,0.84,8,General,Viện Dinh dưỡng Quốc gia,7060,2026-02-11T19:11:58Z
food_7061,food,v1,7061,"Tủy xương bò, tươi","Beef, bone marrow, raw",Thịt và sản phẩm chế biến,Thịt và sản phẩm chế biến,100,per_100g,814.0,1.1,,89.9,,813.5,0.06,0.69,8,General,Viện Dinh dưỡng Quốc gia,7061,2026-02-11T19:11:58Z
food_7062,food,v1,7062,"Tủy xương lợn, tươi","Pork, bone marrow, raw",Thịt và sản phẩm chế biến,Thịt và sản phẩm chế biến,100,per_100g,749.0,2.3,,82.2,,749.0,0.0,0.69,8,General,Viện Dinh dưỡng Quốc gia,7062,2026-02-11T19:11:58Z
food_7063,food,v1,7063,Ba tê lợn,"Pate, from pork",Thịt và sản phẩm chế biến,Thịt và sản phẩm chế biến,100,per_100g,326.0,10.8,15.4,24.6,,326.2,0.06,0.84,8,General,Viện Dinh dưỡng Quốc gia,7063,2026-02-11T19:11:58Z
food_7064,food,v1,7064,Chả lợn,"Pork, minced meat with spices, fried",Thịt và sản phẩm chế biến,Thịt và sản phẩm chế biến,100,per_100g,517.0,10.8,5.1,50.4,,517.2,0.04,0.84,8,General,Viện Dinh dưỡng Quốc gia,7064,2026-02-11T19:11:58Z
food_7065,food,v1,7065,Chả quế lợn,"Pork, minced meat with spices and cinnamon, fried",Thịt và sản phẩm chế biến,Thịt và sản phẩm chế biến,100,per_100g,416.0,16.2,,39.0,,415.8,0.05,0.69,8,General,Viện Dinh dưỡng Quốc gia,7065,2026-02-11T19:11:58Z
food_7066,food,v1,7066,Dăm bông lợn,"Pork, ham",Thịt và sản phẩm chế biến,Thịt và sản phẩm chế biến,100,per_100g,318.0,23.0,0.3,25.0,,318.2,0.06,0.84,8,General,Viện Dinh dưỡng Quốc gia,7066,2026-02-11T19:11:58Z
food_7067,food,v1,7067,"Dồi lợn, chín","Pork, mix blood and viscera and spices in large intestine, boiled",Thịt và sản phẩm chế biến,Thịt và sản phẩm chế biến,100,per_100g,114.0,12.4,,7.1,,113.5,0.44,0.69,8,General,Viện Dinh dưỡng Quốc gia,7067,2026-02-11T19:11:58Z
food_7068,food,v1,7068,"Giò bò, chín","Beef, minced lean meat and spices, steamed",Thịt và sản phẩm chế biến,Thịt và sản phẩm chế biến,100,per_100g,335.0,18.2,,29.0,,333.8,0.36,0.69,8,General,Viện Dinh dưỡng Quốc gia,7068,2026-02-11T19:11:58Z
food_7069,food,v1,7069,"Giò lụa, chín","Pork, minced lean meat and spices, steamed",Thịt và sản phẩm chế biến,Thịt và sản phẩm chế biến,100,per_100g,205.0,16.9,1.8,15.0,,209.8,2.34,0.84,8,General,Viện Dinh dưỡng Quốc gia,7069,2026-02-11T19:11:58Z
food_7070,food,v1,7070,"Giò thủ lợn, chín","Pork, head meat with spices, steamed",Thịt và sản phẩm chế biến,Thịt và sản phẩm chế biến,100,per_100g,553.0,16.0,,54.3,,552.7,0.05,0.69,8,General,Viện Dinh dưỡng Quốc gia,7070,2026-02-11T19:11:58Z
food_7071,food,v1,7071,"Lạp xường, lạp sườn",Chinese sausage,Thịt và sản phẩm chế biến,Thịt và sản phẩm chế biến,100,per_100g,585.0,20.8,1.7,55.0,,585.0,0.0,0.84,8,General,Viện Dinh dưỡng Quốc gia,7071,2026-02-11T19:11:58Z
food_7072,food,v1,7072,Nem chạo,"Pork, skin and meat with spices, rolled with rice paper ",Thịt và sản phẩm chế biến,Thịt và sản phẩm chế biến,100,per_100g,116.0,12.1,12.9,1.6,,114.4,1.38,0.84,8,General,Viện Dinh dưỡng Quốc gia,7072,2026-02-11T19:11:58Z
food_7073,food,v1,7073,Nem chua,"Pork, lean meat, minced with spices, fermented",Thịt và sản phẩm chế biến,Thịt và sản phẩm chế biến,100,per_100g,125.0,20.7,3.2,3.3,,125.3,0.24,0.84,8,General,Viện Dinh dưỡng Quốc gia,7073,2026-02-11T19:11:58Z
food_7074,food,v1,7074,Ruốc thịt lợn,"Pork, lean meat, shredded, fried with salt",Thịt và sản phẩm chế biến,Thịt và sản phẩm chế biến,100,per_100g,369.0,46.6,,20.3,,369.1,0.03,0.69,8,General,Viện Dinh dưỡng Quốc gia,7074,2026-02-11T19:12:00Z
food_7075,food,v1,7075,Thịt bò khô,"Beef, lean meat, dried with spices",Thịt và sản phẩm chế biến,Thịt và sản phẩm chế biến,100,per_100g,239.0,51.0,5.2,1.6,,239.2,0.08,0.84,8,General,Viện Dinh dưỡng Quốc gia,7075,2026-02-11T19:12:00Z
food_7076,food,v1,7076,Thịt trâu khô,"Buffalo, meat, dried with spices",Thịt và sản phẩm chế biến,Thịt và sản phẩm chế biến,100,per_100g,226.0,50.4,,2.7,,225.9,0.04,0.69,8,General,Viện Dinh dưỡng Quốc gia,7076,2026-02-11T19:12:00Z
food_7077,food,v1,7077,Xúc xích,"Pork, sausage",Thịt và sản phẩm chế biến,Thịt và sản phẩm chế biến,100,per_100g,535.0,27.2,,47.4,,535.4,0.07,0.69,8,General,Viện Dinh dưỡng Quốc gia,7077,2026-02-11T19:12:00Z
food_7078,food,v1,7078,Bột cóc,"Toad, meat and small bones, powded",Thịt và sản phẩm chế biến,Thịt và sản phẩm chế biến,100,per_100g,342.0,55.4,,13.4,,342.2,0.06,0.69,8,General,Viện Dinh dưỡng Quốc gia,7078,2026-02-11T19:12:00Z
food_7079,food,v1,7079,"Châu chấu, sống","Locust, raw",Thịt và sản phẩm chế biến,Thịt và sản phẩm chế biến,100,per_100g,130.0,24.3,,3.6,,129.6,0.31,0.69,8,General,Viện Dinh dưỡng Quốc gia,7079,2026-02-11T19:12:00Z
food_7080,food,v1,7080,"Ếch (thịt đùi), tươi","Frog, leg meat, raw",Thịt và sản phẩm chế biến,Thịt và sản phẩm chế biến,100,per_100g,90.0,20.0,,1.1,,89.9,0.11,0.69,8,General,Viện Dinh dưỡng Quốc gia,7080,2026-02-11T19:12:00Z
food_7081,food,v1,7081,"Nhộng, tươi","Silk worm, raw",Thịt và sản phẩm chế biến,Thịt và sản phẩm chế biến,100,per_100g,111.0,13.0,,6.5,,110.5,0.45,0.69,8,General,Viện Dinh dưỡng Quốc gia,7081,2026-02-11T19:12:00Z
food_7082,food,v1,7082,"Lòng gà (cả bộ), tươi","Chicken, whole giblets, raw",Thịt và sản phẩm chế biến,Thịt và sản phẩm chế biến,100,per_100g,119.0,17.88,1.79,4.47,,118.91,0.08,0.84,8,General,Viện Dinh dưỡng Quốc gia,7082,2026-02-11T19:12:00Z
food_7083,food,v1,7083,"Thịt lợn, nạc vai, tươi","Pork, lean meat, shoulder, raw",Thịt và sản phẩm chế biến,Thịt và sản phẩm chế biến,100,per_100g,149.0,20.83,,7.29,,148.93,0.05,0.69,8,General,Viện Dinh dưỡng Quốc gia,7083,2026-02-11T19:12:00Z
food_7083002,food,v1,7083002,"Thịt lợn nạc vai, luộc","Pork, lean meat shoulder, boiled",Thịt và sản phẩm chế biến,Thịt và sản phẩm chế biến,100,per_100g,126.0,17.65,,6.18,,126.22,0.17,0.69,8,General,Viện Dinh dưỡng Quốc gia,7083002,2026-02-11T19:12:00Z
food_7084,food,v1,7084,"Thịt lợn, nạc mông, tươi","Pork, lean meat, thighs, raw",Thịt và sản phẩm chế biến,Thịt và sản phẩm chế biến,100,per_100g,141.0,24.68,,4.72,,141.2,0.14,0.69,8,General,Viện Dinh dưỡng Quốc gia,7084,2026-02-11T19:12:00Z
food_7084002,food,v1,7084002,"Thịt lợn nạc mông, luộc","Pork, lean meat buttock, boiled",Thịt và sản phẩm chế biến,Thịt và sản phẩm chế biến,100,per_100g,120.0,20.92,,4.0,,119.68,0.27,0.69,8,General,Viện Dinh dưỡng Quốc gia,7084002,2026-02-11T19:12:00Z
food_7085,food,v1,7085,"Thịt lợn, nạc thăn, tươi","Pork, lean meat, tenderloin, raw",Thịt và sản phẩm chế biến,Thịt và sản phẩm chế biến,100,per_100g,118.0,23.0,0.04,2.9,,118.26,0.22,0.84,8,General,Viện Dinh dưỡng Quốc gia,7085,2026-02-11T19:12:00Z
food_7085002,food,v1,7085002,"Thịt lợn nạc thăn, luộc","Pork, lean meat tenderloin, boiled",Thịt và sản phẩm chế biến,Thịt và sản phẩm chế biến,100,per_100g,100.0,19.49,0.03,2.46,,100.22,0.22,0.84,8,General,Viện Dinh dưỡng Quốc gia,7085002,2026-02-11T19:12:00Z
food_7086,food,v1,7086,"Thịt lợn nửa nạc, nửa mỡ, nướng","Pork, lean and fat meat, grilled",Thịt và sản phẩm chế biến,Thịt và sản phẩm chế biến,100,per_100g,401.0,20.5,0.56,35.2,,401.04,0.01,0.84,8,General,Viện Dinh dưỡng Quốc gia,7086,2026-02-11T19:12:03Z
food_7087,food,v1,7087,"Thịt gà công nghiệp, cánh, tươi","Chicken, wing, raw",Thịt và sản phẩm chế biến,Thịt và sản phẩm chế biến,100,per_100g,188.0,19.09,,12.43,,188.23,0.12,0.69,8,General,Viện Dinh dưỡng Quốc gia,7087,2026-02-11T19:12:03Z
food_7087002,food,v1,7087002,"Thịt gà công nghiệp, cánh, luộc","Chicken meat, industrial, wing, boiled",Thịt và sản phẩm chế biến,Thịt và sản phẩm chế biến,100,per_100g,261.0,26.51,,17.26,,261.38,0.15,0.69,8,General,Viện Dinh dưỡng Quốc gia,7087002,2026-02-11T19:12:03Z
food_7088,food,v1,7088,"Thịt gà công nghiệp, đùi, tươi","Chicken, thighs, raw",Thịt và sản phẩm chế biến,Thịt và sản phẩm chế biến,100,per_100g,137.0,18.0,0.89,6.8,,136.76,0.18,0.84,8,General,Viện Dinh dưỡng Quốc gia,7088,2026-02-11T19:12:03Z
food_7088002,food,v1,7088002,"Thịt gà công nghiệp, đùi, luộc","Chicken meat, industrial, thighs, boiled",Thịt và sản phẩm chế biến,Thịt và sản phẩm chế biến,100,per_100g,190.0,25.0,1.24,9.44,,189.92,0.04,0.84,8,General,Viện Dinh dưỡng Quốc gia,7088002,2026-02-11T19:12:03Z
food_7089,food,v1,7089,"Thịt gà công nghiệp, lườn, raw","Chicken, breast, raw",Thịt và sản phẩm chế biến,Thịt và sản phẩm chế biến,100,per_100g,134.0,22.86,,4.68,,133.56,0.33,0.69,8,General,Viện Dinh dưỡng Quốc gia,7089,2026-02-11T19:12:03Z
food_7090,food,v1,7090,"Thịt ngan, tươi","Goose, average meat, raw",Thịt và sản phẩm chế biến,Thịt và sản phẩm chế biến,100,per_100g,288.0,17.05,,24.45,,288.25,0.09,0.69,8,General,Viện Dinh dưỡng Quốc gia,7090,2026-02-11T19:12:03Z
food_7090002,food,v1,7090002,"Thịt ngan, luộc","Muscovy duck meat, boiled",Thịt và sản phẩm chế biến,Thịt và sản phẩm chế biến,100,per_100g,400.0,23.68,-0.03,33.96,,400.24,0.06,0.84,8,General,Viện Dinh dưỡng Quốc gia,7090002,2026-02-11T19:12:03Z
food_7091,food,v1,7091,"Chả lá lốt, rán","Pork, meat with spices,  rolled with lolot pepper leaves, fried",Thịt và sản phẩm chế biến,Thịt và sản phẩm chế biến,100,per_100g,306.0,20.0,2.3,24.8,,312.4,2.09,0.84,8,General,Viện Dinh dưỡng Quốc gia,7091,2026-02-11T19:12:03Z
food_7094,food,v1,7094,"Thịt bò, bắp, sống",,Thịt và sản phẩm chế biến,Thịt và sản phẩm chế biến,100,per_100g,122.0,21.75,,3.85,,121.65,0.29,0.71,7,General,Viện Dinh dưỡng Quốc gia,7094,2026-02-11T19:12:03Z
food_7094003,food,v1,7094003,"Thịt bò, bắp, hấp","Beef, thigh, steamed",Thịt và sản phẩm chế biến,Thịt và sản phẩm chế biến,100,per_100g,182.0,32.46,,5.75,,181.59,0.23,0.71,7,General,Viện Dinh dưỡng Quốc gia,7094003,2026-02-11T19:12:03Z
food_7095003,food,v1,7095003,"Thịt bò, vai, hấp","Beef, shoulder, steamed",Thịt và sản phẩm chế biến,Thịt và sản phẩm chế biến,100,per_100g,191.0,32.46,0.24,6.69,,191.01,0.01,0.86,7,General,Viện Dinh dưỡng Quốc gia,7095003,2026-02-11T19:12:03Z
food_7096,food,v1,7096,Nầm bò,,Thịt và sản phẩm chế biến,Thịt và sản phẩm chế biến,100,per_100g,1.0,,,,,0.0,100.0,0.24,8,General,Viện Dinh dưỡng Quốc gia,7096,2026-02-11T19:12:03Z
food_7105002,food,v1,7105002,"Thịt gà, ta, đùi, luộc","Chicken meat, local,  thigh, boiled",Thịt và sản phẩm chế biến,Thịt và sản phẩm chế biến,100,per_100g,261.0,26.51,,17.26,,261.38,0.15,0.69,8,General,Viện Dinh dưỡng Quốc gia,7105002,2026-02-11T19:12:03Z
food_7106002,food,v1,7106002,"Thịt gà, ta, lườn, đùi, luộc","Chicken meat, local,  thigh, boiled",Thịt và sản phẩm chế biến,Thịt và sản phẩm chế biến,100,per_100g,186.0,31.75,,6.5,,185.5,0.27,0.69,8,General,Viện Dinh dưỡng Quốc gia,7106002,2026-02-11T19:12:03Z
food_7107002,food,v1,7107002,"Thịt gà, ta, cánh, đùi, luộc","Chicken meat, local, boiled",Thịt và sản phẩm chế biến,Thịt và sản phẩm chế biến,100,per_100g,261.0,26.51,,17.26,,261.38,0.15,0.69,8,General,Viện Dinh dưỡng Quốc gia,7107002,2026-02-11T19:12:05Z
food_7108002,food,v1,7108002,"Thịt gà, ta, chân, đùi, luộc","Chicken meat, local,  boiled",Thịt và sản phẩm chế biến,Thịt và sản phẩm chế biến,100,per_100g,214.0,20.0,0.2,14.3,,209.5,2.1,0.84,8,General,Viện Dinh dưỡng Quốc gia,7108002,2026-02-11T19:12:05Z
food_7111002,food,v1,7111002,"Thịt gà, công nghiệp, cổ, luộc","Chicken meat, industrial, neck, boiled",Thịt và sản phẩm chế biến,Thịt và sản phẩm chế biến,100,per_100g,188.0,19.09,,12.43,,188.23,0.12,0.69,8,General,Viện Dinh dưỡng Quốc gia,7111002,2026-02-11T19:12:05Z
food_7112,food,v1,7112,"Thịt lợn, mông, sống",,Thịt và sản phẩm chế biến,Thịt và sản phẩm chế biến,100,per_100g,131.0,20.48,,5.41,,130.61,0.3,0.71,7,General,Viện Dinh dưỡng Quốc gia,7112,2026-02-11T19:12:05Z
food_7113002,food,v1,7113002,"Thịt vịt, lườn, luộc","Duck meat, pointrine, boiled",Thịt và sản phẩm chế biến,Thịt và sản phẩm chế biến,100,per_100g,163.0,27.57,,5.9,,163.38,0.23,0.71,7,General,Viện Dinh dưỡng Quốc gia,7113002,2026-02-11T19:12:05Z
food_7113003,food,v1,7113003,"Thịt vịt, lườn, hấp","Duck meat, pointrine, steamed",Thịt và sản phẩm chế biến,Thịt và sản phẩm chế biến,100,per_100g,163.0,27.57,,5.9,,163.38,0.23,0.71,7,General,Viện Dinh dưỡng Quốc gia,7113003,2026-02-11T19:12:05Z
food_7114002,food,v1,7114002,"Thịt vịt, đùi, luộc","Duck meat, thigh, boiled",Thịt và sản phẩm chế biến,Thịt và sản phẩm chế biến,100,per_100g,267.0,17.8,,21.8,,267.4,0.15,0.71,7,General,Viện Dinh dưỡng Quốc gia,7114002,2026-02-11T19:12:05Z
food_7115003,food,v1,7115003,"Thịt vịt, cánh, hấp","Duck meat, wing, steamed",Thịt và sản phẩm chế biến,Thịt và sản phẩm chế biến,100,per_100g,261.0,26.51,,17.26,,261.38,0.15,0.69,8,General,Viện Dinh dưỡng Quốc gia,7115003,2026-02-11T19:12:05Z
food_7118002,food,v1,7118002,"Mọc, từ thịt lợn, nấu canh",Pork mince lean and fat meat ball shaped boiled,Thịt và sản phẩm chế biến,Thịt và sản phẩm chế biến,100,per_100g,286.0,14.4,8.06,22.2,,289.64,1.27,0.84,8,General,Viện Dinh dưỡng Quốc gia,7118002,2026-02-11T19:12:05Z
food_7120,food,v1,7120,Xương cục,,Thịt và sản phẩm chế biến,Thịt và sản phẩm chế biến,100,per_100g,1.0,,,,,0.0,100.0,0.24,8,General,Viện Dinh dưỡng Quốc gia,7120,2026-02-11T19:12:05Z
food_7123002,food,v1,7123002,"Tiết ngan, luộc","Blood, muscovy duck,  boiled",Thịt và sản phẩm chế biến,Thịt và sản phẩm chế biến,100,per_100g,50.0,12.17,0.06,0.06,,49.46,1.08,0.84,8,General,Viện Dinh dưỡng Quốc gia,7123002,2026-02-11T19:12:05Z
food_7132,food,v1,7132,Nước hầm xương lợn,,Thịt và sản phẩm chế biến,Thịt và sản phẩm chế biến,100,per_100g,1.0,,,,,0.0,100.0,0.24,8,General,Viện Dinh dưỡng Quốc gia,7132,2026-02-11T19:12:05Z
food_7140,food,v1,7140,Nước canh,,Thịt và sản phẩm chế biến,Thịt và sản phẩm chế biến,100,per_100g,1.0,,,,,0.0,100.0,0.24,8,General,Viện Dinh dưỡng Quốc gia,7140,2026-02-11T19:12:05Z
food_7141,food,v1,7141,Nước dùng,,Thịt và sản phẩm chế biến,Thịt và sản phẩm chế biến,100,per_100g,1.0,,,,,0.0,100.0,0.24,8,General,Viện Dinh dưỡng Quốc gia,7141,2026-02-11T19:12:05Z
food_7142,food,v1,7142,Thịt xá xíu,,Thịt và sản phẩm chế biến,Thịt và sản phẩm chế biến,100,per_100g,189.0,26.37,,9.23,,188.55,0.24,0.69,8,General,Viện Dinh dưỡng Quốc gia,7142,2026-02-11T19:12:05Z
food_7143,food,v1,7143,Xúc xích bò,,Thịt và sản phẩm chế biến,Thịt và sản phẩm chế biến,100,per_100g,178.0,10.2,13.5,8.83,,174.27,2.1,0.84,8,General,Viện Dinh dưỡng Quốc gia,7143,2026-02-11T19:12:08Z
food_7144,food,v1,7144,Tiết gà,,Thịt và sản phẩm chế biến,Thịt và sản phẩm chế biến,100,per_100g,25.0,5.7,0.2,0.1,,24.5,2.0,0.84,8,General,Viện Dinh dưỡng Quốc gia,7144,2026-02-11T19:12:08Z
food_7145,food,v1,7145,Tiết dê,,Thịt và sản phẩm chế biến,Thịt và sản phẩm chế biến,100,per_100g,25.0,5.7,0.2,0.1,,24.5,2.0,0.84,8,General,Viện Dinh dưỡng Quốc gia,7145,2026-02-11T19:12:08Z
food_8001,food,v1,8001,"Cá bống, tươi","Fish, goby, raw",Thủy sản và sản phẩm chế biến,Thủy sản và sản phẩm chế biến,100,per_100g,70.0,15.8,,0.8,,70.4,0.57,0.69,8,General,Viện Dinh dưỡng Quốc gia,8001,2026-02-11T19:12:08Z
food_8002,food,v1,8002,"Cá chày, tươi","Fish, barbel chub, raw",Thủy sản và sản phẩm chế biến,Thủy sản và sản phẩm chế biến,100,per_100g,113.0,20.1,,3.6,,112.8,0.18,0.69,8,General,Viện Dinh dưỡng Quốc gia,8002,2026-02-11T19:12:08Z
food_8003,food,v1,8003,"Cá chép, tươi","Fish, carp, raw",Thủy sản và sản phẩm chế biến,Thủy sản và sản phẩm chế biến,100,per_100g,96.0,16.0,,3.6,,96.4,0.42,0.69,8,General,Viện Dinh dưỡng Quốc gia,8003,2026-02-11T19:12:08Z
food_8004,food,v1,8004,"Cá dưa, tươi","Fissh, daggertooth pike conger, raw ",Thủy sản và sản phẩm chế biến,Thủy sản và sản phẩm chế biến,100,per_100g,115.0,17.6,,5.0,,115.4,0.35,0.69,8,General,Viện Dinh dưỡng Quốc gia,8004,2026-02-11T19:12:08Z
food_8005,food,v1,8005,"Cá dầu, tươi",,Thủy sản và sản phẩm chế biến,Thủy sản và sản phẩm chế biến,100,per_100g,96.0,18.9,,2.3,,96.3,0.31,0.69,8,General,Viện Dinh dưỡng Quốc gia,8005,2026-02-11T19:12:08Z
food_8006,food,v1,8006,"Cá diếc, tươi","Fissh, mullet, raw",Thủy sản và sản phẩm chế biến,Thủy sản và sản phẩm chế biến,100,per_100g,87.0,17.7,,1.8,,87.0,0.0,0.69,8,General,Viện Dinh dưỡng Quốc gia,8006,2026-02-11T19:12:08Z
food_8007,food,v1,8007,"Cá đao, tươi","Fish, sawfish, raw",Thủy sản và sản phẩm chế biến,Thủy sản và sản phẩm chế biến,100,per_100g,94.0,18.3,,2.3,,93.9,0.11,0.69,8,General,Viện Dinh dưỡng Quốc gia,8007,2026-02-11T19:12:08Z
food_8008,food,v1,8008,"Cá đé, tươi","Fish, chinese herring or slender shad, raw",Thủy sản và sản phẩm chế biến,Thủy sản và sản phẩm chế biến,100,per_100g,83.0,18.7,,0.9,,82.9,0.12,0.69,8,General,Viện Dinh dưỡng Quốc gia,8008,2026-02-11T19:12:08Z
food_8009,food,v1,8009,"Cá đối, tươi","Fish, flathead grey mullet, raw",Thủy sản và sản phẩm chế biến,Thủy sản và sản phẩm chế biến,100,per_100g,108.0,19.5,,3.3,,107.7,0.28,0.69,8,General,Viện Dinh dưỡng Quốc gia,8009,2026-02-11T19:12:08Z
food_8010,food,v1,8010,"Cá đồng tiền, tươi","Fish, goby, raw",Thủy sản và sản phẩm chế biến,Thủy sản và sản phẩm chế biến,100,per_100g,98.0,20.1,,2.0,,98.4,0.41,0.69,8,General,Viện Dinh dưỡng Quốc gia,8010,2026-02-11T19:12:08Z
food_8011,food,v1,8011,"Cá hồi, tươi","Fish, salmon, raw",Thủy sản và sản phẩm chế biến,Thủy sản và sản phẩm chế biến,100,per_100g,136.0,22.0,,5.3,,135.7,0.22,0.69,8,General,Viện Dinh dưỡng Quốc gia,8011,2026-02-11T19:12:08Z
food_8012,food,v1,8012,"Cá khô (chim, thu, nụ, đé), sống","Fish, mix variety, dried",Thủy sản và sản phẩm chế biến,Thủy sản và sản phẩm chế biến,100,per_100g,208.0,43.3,,3.9,,208.3,0.14,0.69,8,General,Viện Dinh dưỡng Quốc gia,8012,2026-02-11T19:12:08Z
food_8013,food,v1,8013,"Cá lác, tươi",,Thủy sản và sản phẩm chế biến,Thủy sản và sản phẩm chế biến,100,per_100g,71.0,16.7,,0.5,,71.3,0.42,0.69,8,General,Viện Dinh dưỡng Quốc gia,8013,2026-02-11T19:12:10Z
food_8013002,food,v1,8013002,"Cá lác, luộc","Seafish, Thac lac fish, boiled",Thủy sản và sản phẩm chế biến,Thủy sản và sản phẩm chế biến,100,per_100g,86.0,20.12,,0.6,,85.88,0.14,0.69,8,General,Viện Dinh dưỡng Quốc gia,8013002,2026-02-11T19:12:10Z
food_8013008,food,v1,8013008,"Cá lác, chiên giòn","Seafish, Thac lac fish, shallow fried",Thủy sản và sản phẩm chế biến,Thủy sản và sản phẩm chế biến,100,per_100g,94.0,21.97,,0.66,,93.82,0.19,0.69,8,General,Viện Dinh dưỡng Quốc gia,8013008,2026-02-11T19:12:10Z
food_8014,food,v1,8014,"Cá mè, tươi","Fish, silver carp, raw",Thủy sản và sản phẩm chế biến,Thủy sản và sản phẩm chế biến,100,per_100g,144.0,15.4,,9.1,,143.5,0.35,0.69,8,General,Viện Dinh dưỡng Quốc gia,8014,2026-02-11T19:12:10Z
food_8015,food,v1,8015,"Cá mòi (cá sardin), tươi","Fish, sardin, raw",Thủy sản và sản phẩm chế biến,Thủy sản và sản phẩm chế biến,100,per_100g,124.0,17.5,,6.0,,124.0,0.0,0.69,8,General,Viện Dinh dưỡng Quốc gia,8015,2026-02-11T19:12:10Z
food_8016,food,v1,8016,"Cá mỡ, tươi",,Thủy sản và sản phẩm chế biến,Thủy sản và sản phẩm chế biến,100,per_100g,151.0,16.8,,9.3,,150.9,0.07,0.69,8,General,Viện Dinh dưỡng Quốc gia,8016,2026-02-11T19:12:10Z
food_8017,food,v1,8017,"Cá mối, tươi","Fish, lizardfish, raw",Thủy sản và sản phẩm chế biến,Thủy sản và sản phẩm chế biến,100,per_100g,116.0,22.1,,3.1,,116.3,0.26,0.69,8,General,Viện Dinh dưỡng Quốc gia,8017,2026-02-11T19:12:10Z
food_8018,food,v1,8018,"Cá nạc, tươi",,Thủy sản và sản phẩm chế biến,Thủy sản và sản phẩm chế biến,100,per_100g,80.0,17.5,,1.1,,79.9,0.12,0.69,8,General,Viện Dinh dưỡng Quốc gia,8018,2026-02-11T19:12:10Z
food_8019,food,v1,8019,"Cá ngừ, tươi","Fish, tuna, raw",Thủy sản và sản phẩm chế biến,Thủy sản và sản phẩm chế biến,100,per_100g,87.0,21.0,,0.3,,86.7,0.34,0.69,8,General,Viện Dinh dưỡng Quốc gia,8019,2026-02-11T19:12:10Z
food_8020,food,v1,8020,"Cá nục, tươi","Fish, anchovy, raw",Thủy sản và sản phẩm chế biến,Thủy sản và sản phẩm chế biến,100,per_100g,111.0,20.2,,3.3,,110.5,0.45,0.69,8,General,Viện Dinh dưỡng Quốc gia,8020,2026-02-11T19:12:10Z
food_8020002,food,v1,8020002,"Cá nục, luộc","Seafish, Anchovy, boiled",Thủy sản và sản phẩm chế biến,Thủy sản và sản phẩm chế biến,100,per_100g,133.0,24.34,,3.98,,133.18,0.14,0.71,7,General,Viện Dinh dưỡng Quốc gia,8020002,2026-02-11T19:12:10Z
food_8020014,food,v1,8020014,"Cá nục, nướng","Seafish, Anchovy, grilled",Thủy sản và sản phẩm chế biến,Thủy sản và sản phẩm chế biến,100,per_100g,138.0,25.25,,4.13,,138.17,0.12,0.71,7,General,Viện Dinh dưỡng Quốc gia,8020014,2026-02-11T19:12:10Z
food_8021,food,v1,8021,"Cá phèn, tươi","Fish, goatfishes, raw",Thủy sản và sản phẩm chế biến,Thủy sản và sản phẩm chế biến,100,per_100g,104.0,15.9,,4.5,,104.1,0.1,0.69,8,General,Viện Dinh dưỡng Quốc gia,8021,2026-02-11T19:12:10Z
food_8022,food,v1,8022,"Cá quả, tươi","Fish, snakehead fish, raw",Thủy sản và sản phẩm chế biến,Thủy sản và sản phẩm chế biến,100,per_100g,97.0,18.2,,2.7,,97.1,0.1,0.69,8,General,Viện Dinh dưỡng Quốc gia,8022,2026-02-11T19:12:10Z
food_8023,food,v1,8023,"Cá rô đồng, tươi","Fish, climbing perch, raw",Thủy sản và sản phẩm chế biến,Thủy sản và sản phẩm chế biến,100,per_100g,126.0,19.1,,5.5,,125.9,0.08,0.69,8,General,Viện Dinh dưỡng Quốc gia,8023,2026-02-11T19:12:10Z
food_8024,food,v1,8024,"Cá rô phi, tươi","Fish, tilapia, raw",Thủy sản và sản phẩm chế biến,Thủy sản và sản phẩm chế biến,100,per_100g,100.0,19.7,,2.3,,99.5,0.5,0.69,8,General,Viện Dinh dưỡng Quốc gia,8024,2026-02-11T19:12:13Z
food_8024008,food,v1,8024008,"Cá rô phi, chiên giòn",,Thủy sản và sản phẩm chế biến,Thủy sản và sản phẩm chế biến,100,per_100g,131.0,25.92,,3.03,,130.95,0.04,0.69,8,General,Viện Dinh dưỡng Quốc gia,8024008,2026-02-11T19:12:13Z
food_8025,food,v1,8025,"Cá thờn bơn, tươi","Fish, flatfishes, raw",Thủy sản và sản phẩm chế biến,Thủy sản và sản phẩm chế biến,100,per_100g,73.0,17.4,,0.4,,73.2,0.27,0.69,8,General,Viện Dinh dưỡng Quốc gia,8025,2026-02-11T19:12:13Z
food_8026,food,v1,8026,"Cá thu, tươi","Fish, mackerel, kingfish, raw",Thủy sản và sản phẩm chế biến,Thủy sản và sản phẩm chế biến,100,per_100g,166.0,18.2,,10.3,,165.5,0.3,0.69,8,General,Viện Dinh dưỡng Quốc gia,8026,2026-02-11T19:12:13Z
food_8027,food,v1,8027,"Cá thu đao, tươi","Fish, pacific saury, raw",Thủy sản và sản phẩm chế biến,Thủy sản và sản phẩm chế biến,100,per_100g,156.0,20.0,,8.4,,155.6,0.26,0.69,8,General,Viện Dinh dưỡng Quốc gia,8027,2026-02-11T19:12:13Z
food_8028,food,v1,8028,"Cá trạch, tươi","Fish, spiny eels, raw",Thủy sản và sản phẩm chế biến,Thủy sản và sản phẩm chế biến,100,per_100g,110.0,20.4,,3.2,,110.4,0.36,0.69,8,General,Viện Dinh dưỡng Quốc gia,8028,2026-02-11T19:12:13Z
food_8029,food,v1,8029,"Cá trắm cỏ, tươi","Fish, grass carp, raw",Thủy sản và sản phẩm chế biến,Thủy sản và sản phẩm chế biến,100,per_100g,91.0,17.0,,2.6,,91.4,0.44,0.69,8,General,Viện Dinh dưỡng Quốc gia,8029,2026-02-11T19:12:13Z
food_8030,food,v1,8030,"Cá trê, tươi","Fish, catfish, raw",Thủy sản và sản phẩm chế biến,Thủy sản và sản phẩm chế biến,100,per_100g,173.0,16.5,,11.9,,173.1,0.06,0.69,8,General,Viện Dinh dưỡng Quốc gia,8030,2026-02-11T19:12:13Z
food_8031,food,v1,8031,"Cá trích, tươi","Fish, herring, raw",Thủy sản và sản phẩm chế biến,Thủy sản và sản phẩm chế biến,100,per_100g,166.0,17.7,,10.6,,166.2,0.12,0.69,8,General,Viện Dinh dưỡng Quốc gia,8031,2026-02-11T19:12:13Z
food_8032,food,v1,8032,"Cá trôi, tươi ","Fish, mrigal carp, raw",Thủy sản và sản phẩm chế biến,Thủy sản và sản phẩm chế biến,100,per_100g,127.0,18.8,,5.7,,126.5,0.39,0.69,8,General,Viện Dinh dưỡng Quốc gia,8032,2026-02-11T19:12:13Z
food_8033,food,v1,8033,"Cua bể, tươi","Crab, sea water, raw",Thủy sản và sản phẩm chế biến,Thủy sản và sản phẩm chế biến,100,per_100g,103.0,17.5,7.0,0.6,,103.4,0.39,0.84,8,General,Viện Dinh dưỡng Quốc gia,8033,2026-02-11T19:12:13Z
food_8034,food,v1,8034,"Cua đồng, tươi","Crab, fresh water, raw",Thủy sản và sản phẩm chế biến,Thủy sản và sản phẩm chế biến,100,per_100g,87.0,12.3,2.0,3.3,,86.9,0.11,0.84,8,General,Viện Dinh dưỡng Quốc gia,8034,2026-02-11T19:12:13Z
food_8035,food,v1,8035,"Cua ghẹ, tươi","Crab, flower crab, blue crab, or sand crab, raw",Thủy sản và sản phẩm chế biến,Thủy sản và sản phẩm chế biến,100,per_100g,54.0,11.9,,0.7,,53.9,0.19,0.69,8,General,Viện Dinh dưỡng Quốc gia,8035,2026-02-11T19:12:13Z
food_8036,food,v1,8036,"Hải sâm, tươi","Sea slug, sea cucumber, raw",Thủy sản và sản phẩm chế biến,Thủy sản và sản phẩm chế biến,100,per_100g,90.0,21.5,0.2,0.3,,89.5,0.56,0.84,8,General,Viện Dinh dưỡng Quốc gia,8036,2026-02-11T19:12:13Z
food_8037,food,v1,8037,"Hến, tươi","Clam, raw",Thủy sản và sản phẩm chế biến,Thủy sản và sản phẩm chế biến,100,per_100g,45.0,4.5,5.1,0.7,,44.7,0.67,0.84,8,General,Viện Dinh dưỡng Quốc gia,8037,2026-02-11T19:12:13Z
food_8038,food,v1,8038,"Lươn, tươi","Fish, eel, mixed species, raw",Thủy sản và sản phẩm chế biến,Thủy sản và sản phẩm chế biến,100,per_100g,130.0,18.4,10.7,1.5,,129.9,0.08,0.84,8,General,Viện Dinh dưỡng Quốc gia,8038,2026-02-11T19:12:15Z
food_8039,food,v1,8039,"Mực khô, sống","Squid, dried, raw",Thủy sản và sản phẩm chế biến,Thủy sản và sản phẩm chế biến,100,per_100g,291.0,60.1,2.5,4.5,,290.9,0.03,0.84,8,General,Viện Dinh dưỡng Quốc gia,8039,2026-02-11T19:12:15Z
food_8040,food,v1,8040,"Mực, tươi","Squid, fresh, raw",Thủy sản và sản phẩm chế biến,Thủy sản và sản phẩm chế biến,100,per_100g,73.0,16.3,,0.9,,73.3,0.41,0.69,8,General,Viện Dinh dưỡng Quốc gia,8040,2026-02-11T19:12:15Z
food_8040003,food,v1,8040003,"Mực tươi, hấp","Cuttle fish squid, steamed",Thủy sản và sản phẩm chế biến,Thủy sản và sản phẩm chế biến,100,per_100g,115.0,25.47,,1.41,,114.57,0.37,0.71,7,General,Viện Dinh dưỡng Quốc gia,8040003,2026-02-11T19:12:15Z
food_8040014,food,v1,8040014,"Mực tươi, nướng","Cuttle fish squid, grilled",Thủy sản và sản phẩm chế biến,Thủy sản và sản phẩm chế biến,100,per_100g,115.0,25.47,,1.41,,114.57,0.37,0.71,7,General,Viện Dinh dưỡng Quốc gia,8040014,2026-02-11T19:12:15Z
food_8041,food,v1,8041,"Ốc bươu, tươi","Snail, medium - size, raw",Thủy sản và sản phẩm chế biến,Thủy sản và sản phẩm chế biến,100,per_100g,84.0,11.1,8.3,0.7,,83.9,0.12,0.84,8,General,Viện Dinh dưỡng Quốc gia,8041,2026-02-11T19:12:15Z
food_8041002,food,v1,8041002,"Ốc bươu, luộc","Snail, bươu, boiled",Thủy sản và sản phẩm chế biến,Thủy sản và sản phẩm chế biến,100,per_100g,336.0,44.4,33.2,2.8,,335.6,0.12,0.84,8,General,Viện Dinh dưỡng Quốc gia,8041002,2026-02-11T19:12:15Z
food_8042,food,v1,8042,"Ốc đá, tươi","Snail, marble snail, Chinese mysterysnail, raw",Thủy sản và sản phẩm chế biến,Thủy sản và sản phẩm chế biến,100,per_100g,63.0,11.2,3.9,0.3,,63.1,0.16,0.84,8,General,Viện Dinh dưỡng Quốc gia,8042,2026-02-11T19:12:15Z
food_8043,food,v1,8043,"Ốc nhồi, tươi","Snail, large size, raw",Thủy sản và sản phẩm chế biến,Thủy sản và sản phẩm chế biến,100,per_100g,84.0,11.9,7.6,0.7,,84.3,0.36,0.84,8,General,Viện Dinh dưỡng Quốc gia,8043,2026-02-11T19:12:15Z
food_8043003,food,v1,8043003,"Ốc nhồi, hấp","Snail, nhồi , steamed",Thủy sản và sản phẩm chế biến,Thủy sản và sản phẩm chế biến,100,per_100g,337.0,47.6,30.4,2.8,,337.2,0.06,0.84,8,General,Viện Dinh dưỡng Quốc gia,8043003,2026-02-11T19:12:15Z
food_8044,food,v1,8044,"Ốc vặn, raw","Snail, helix, raw",Thủy sản và sản phẩm chế biến,Thủy sản và sản phẩm chế biến,100,per_100g,72.0,12.2,4.3,0.7,,72.3,0.42,0.84,8,General,Viện Dinh dưỡng Quốc gia,8044,2026-02-11T19:12:15Z
food_8044002,food,v1,8044002,"Ốc vặn, luộc","Snail, Helix, boiled",Thủy sản và sản phẩm chế biến,Thủy sản và sản phẩm chế biến,100,per_100g,289.0,48.8,17.2,2.8,,289.2,0.07,0.84,8,General,Viện Dinh dưỡng Quốc gia,8044002,2026-02-11T19:12:15Z
food_8044003,food,v1,8044003,"Ốc vặn, hấp","Snail, Helix, steamed",Thủy sản và sản phẩm chế biến,Thủy sản và sản phẩm chế biến,100,per_100g,289.0,48.8,17.2,2.8,,289.2,0.07,0.84,8,General,Viện Dinh dưỡng Quốc gia,8044003,2026-02-11T19:12:15Z
food_8044014,food,v1,8044014,"Ốc vặn, nướng","Snail, Helix, grilled",Thủy sản và sản phẩm chế biến,Thủy sản và sản phẩm chế biến,100,per_100g,289.0,48.8,17.2,2.8,,289.2,0.07,0.84,8,General,Viện Dinh dưỡng Quốc gia,8044014,2026-02-11T19:12:15Z
food_8045,food,v1,8045,"Rạm, muối, đồ","Crab, sea water, small size, steamed",Thủy sản và sản phẩm chế biến,Thủy sản và sản phẩm chế biến,100,per_100g,83.0,14.2,,2.9,,82.9,0.12,0.69,8,General,Viện Dinh dưỡng Quốc gia,8045,2026-02-11T19:12:15Z
food_8046,food,v1,8046,"Rạm, tươi","Crab, sea water, small size, raw",Thủy sản và sản phẩm chế biến,Thủy sản và sản phẩm chế biến,100,per_100g,77.0,12.9,,2.8,,76.8,0.26,0.69,8,General,Viện Dinh dưỡng Quốc gia,8046,2026-02-11T19:12:18Z
food_8047,food,v1,8047,"Rươi, tươi","Tylorhynchus sinensis, raw",Thủy sản và sản phẩm chế biến,Thủy sản và sản phẩm chế biến,100,per_100g,89.0,12.4,,4.4,,89.2,0.22,0.69,8,General,Viện Dinh dưỡng Quốc gia,8047,2026-02-11T19:12:18Z
food_8048,food,v1,8048,"Sò, tươi","Oyster, raw",Thủy sản và sản phẩm chế biến,Thủy sản và sản phẩm chế biến,100,per_100g,51.0,8.8,3.0,0.4,,50.8,0.39,0.84,8,General,Viện Dinh dưỡng Quốc gia,8048,2026-02-11T19:12:18Z
food_8049,food,v1,8049,"Tép gạo, tươi","Shrimp, fresh water, tiny, raw",Thủy sản và sản phẩm chế biến,Thủy sản và sản phẩm chế biến,100,per_100g,58.0,11.7,,1.2,,57.6,0.69,0.69,8,General,Viện Dinh dưỡng Quốc gia,8049,2026-02-11T19:12:18Z
food_8050,food,v1,8050,"Tép khô, sống","Shrimp, fresh water, tiny, dried",Thủy sản và sản phẩm chế biến,Thủy sản và sản phẩm chế biến,100,per_100g,269.0,59.8,0.7,3.0,,269.0,0.0,0.84,8,General,Viện Dinh dưỡng Quốc gia,8050,2026-02-11T19:12:18Z
food_8051,food,v1,8051,"Tôm biển, tươi","Shrimp, sea water, raw",Thủy sản và sản phẩm chế biến,Thủy sản và sản phẩm chế biến,100,per_100g,82.0,17.6,0.9,0.9,,82.1,0.12,0.84,8,General,Viện Dinh dưỡng Quốc gia,8051,2026-02-11T19:12:18Z
food_8051002,food,v1,8051002,"Tôm biển, luộc","Shrimp, sea water, boiled",Thủy sản và sản phẩm chế biến,Thủy sản và sản phẩm chế biến,100,per_100g,82.0,17.6,0.9,0.9,,82.1,0.12,0.86,7,General,Viện Dinh dưỡng Quốc gia,8051002,2026-02-11T19:12:18Z
food_8051014,food,v1,8051014,"Tôm biển, nướng","Shrimp, sea water, grilled",Thủy sản và sản phẩm chế biến,Thủy sản và sản phẩm chế biến,100,per_100g,124.0,26.67,1.36,1.36,,124.36,0.29,0.86,7,General,Viện Dinh dưỡng Quốc gia,8051014,2026-02-11T19:12:18Z
food_8052,food,v1,8052,"Tôm đồng, tươi","Shrimp, fresh water, raw",Thủy sản và sản phẩm chế biến,Thủy sản và sản phẩm chế biến,100,per_100g,90.0,18.4,,1.8,,89.8,0.22,0.69,8,General,Viện Dinh dưỡng Quốc gia,8052,2026-02-11T19:12:18Z
food_8052002,food,v1,8052002,"Tôm đồng, luộc","Shrimp, fresh water, boiled",Thủy sản và sản phẩm chế biến,Thủy sản và sản phẩm chế biến,100,per_100g,90.0,18.4,,1.8,,89.8,0.22,0.69,8,General,Viện Dinh dưỡng Quốc gia,8052002,2026-02-11T19:12:18Z
food_8052014,food,v1,8052014,"Tôm đồng, nướng","Shrimp, fresh water, grilled",Thủy sản và sản phẩm chế biến,Thủy sản và sản phẩm chế biến,100,per_100g,136.0,27.88,,2.73,,136.09,0.07,0.69,8,General,Viện Dinh dưỡng Quốc gia,8052014,2026-02-11T19:12:18Z
food_8053,food,v1,8053,"Tôm biển, khô","Shrimp, sea water, dried",Thủy sản và sản phẩm chế biến,Thủy sản và sản phẩm chế biến,100,per_100g,347.0,75.6,2.5,3.8,,346.6,0.12,0.84,8,General,Viện Dinh dưỡng Quốc gia,8053,2026-02-11T19:12:18Z
food_8054,food,v1,8054,"Trai, nước ngọt, tươi","Mussel, fresh water, raw",Thủy sản và sản phẩm chế biến,Thủy sản và sản phẩm chế biến,100,per_100g,38.0,4.6,2.5,1.1,,38.3,0.79,0.84,8,General,Viện Dinh dưỡng Quốc gia,8054,2026-02-11T19:12:18Z
food_8055,food,v1,8055,"Bánh phồng tôm, rán","Chips,  shrimp flavour, fried with oil",Thủy sản và sản phẩm chế biến,Thủy sản và sản phẩm chế biến,100,per_100g,676.0,1.6,34.1,59.2,,675.6,0.06,0.84,8,General,Viện Dinh dưỡng Quốc gia,8055,2026-02-11T19:12:18Z
food_8056,food,v1,8056,"Bánh phồng tôm, sống","Chíp, shrimp flavour, raw",Thủy sản và sản phẩm chế biến,Thủy sản và sản phẩm chế biến,100,per_100g,381.0,3.4,75.3,7.4,,381.4,0.1,0.84,8,General,Viện Dinh dưỡng Quốc gia,8056,2026-02-11T19:12:18Z
food_8057,food,v1,8057,"Bột cá, sống","Fish flour, bones included, raw",Thủy sản và sản phẩm chế biến,Thủy sản và sản phẩm chế biến,100,per_100g,323.0,71.2,3.0,2.9,,322.9,0.03,0.84,8,General,Viện Dinh dưỡng Quốc gia,8057,2026-02-11T19:12:20Z
food_8058,food,v1,8058,Ruốc cá quả,"Fish, snake head fish, dried flour with fish sauce",Thủy sản và sản phẩm chế biến,Thủy sản và sản phẩm chế biến,100,per_100g,312.0,65.7,3.0,4.1,,311.7,0.1,0.84,8,General,Viện Dinh dưỡng Quốc gia,8058,2026-02-11T19:12:20Z
food_8059,food,v1,8059,Ruốc tôm,Shrimp dried flour with fish sauce,Thủy sản và sản phẩm chế biến,Thủy sản và sản phẩm chế biến,100,per_100g,305.0,65.5,3.7,3.1,,304.7,0.1,0.84,8,General,Viện Dinh dưỡng Quốc gia,8059,2026-02-11T19:12:20Z
food_8060,food,v1,8060,Cá chim,Black pomfret,Thủy sản và sản phẩm chế biến,Thủy sản và sản phẩm chế biến,100,per_100g,143.0,17.7,3.6,6.4,,142.8,0.14,0.84,8,General,Viện Dinh dưỡng Quốc gia,8060,2026-02-11T19:12:20Z
food_8061,food,v1,8061,Cá chim trắng,Silver or white pomfret,Thủy sản và sản phẩm chế biến,Thủy sản và sản phẩm chế biến,100,per_100g,247.0,15.1,3.42,19.2,,246.88,0.05,0.84,8,General,Viện Dinh dưỡng Quốc gia,8061,2026-02-11T19:12:20Z
food_8062,food,v1,8062,Cá điêu hồng,Red tilapia,Thủy sản và sản phẩm chế biến,Thủy sản và sản phẩm chế biến,100,per_100g,111.0,17.1,3.11,3.3,,110.54,0.41,0.84,8,General,Viện Dinh dưỡng Quốc gia,8062,2026-02-11T19:12:20Z
food_8063,food,v1,8063,"Cá basa, phi lê","Basafish, Catfish, fillet",Thủy sản và sản phẩm chế biến,Thủy sản và sản phẩm chế biến,100,per_100g,67.0,9.7,5.32,0.8,,67.28,0.42,0.84,8,General,Viện Dinh dưỡng Quốc gia,8063,2026-02-11T19:12:20Z
food_8064,food,v1,8064,Chả cá basa,"Basafish, fishball",Thủy sản và sản phẩm chế biến,Thủy sản và sản phẩm chế biến,100,per_100g,186.0,11.1,6.12,13.0,,185.88,0.06,0.84,8,General,Viện Dinh dưỡng Quốc gia,8064,2026-02-11T19:12:20Z
food_8064008,food,v1,8064008,"Chả cá basa, rán",,Thủy sản và sản phẩm chế biến,Thủy sản và sản phẩm chế biến,100,per_100g,186.0,11.1,6.12,13.0,,185.88,0.06,0.84,8,General,Viện Dinh dưỡng Quốc gia,8064008,2026-02-11T19:12:20Z
food_8065,food,v1,8065,Con trùng trục,"Mussel, fresh water",Thủy sản và sản phẩm chế biến,Thủy sản và sản phẩm chế biến,100,per_100g,108.0,14.4,9.65,1.3,,107.9,0.09,0.84,8,General,Viện Dinh dưỡng Quốc gia,8065,2026-02-11T19:12:20Z
food_8066,food,v1,8066,Ngao biển trắng,Sea water clams,Thủy sản và sản phẩm chế biến,Thủy sản và sản phẩm chế biến,100,per_100g,42.0,5.37,4.03,0.44,,41.56,1.05,0.84,8,General,Viện Dinh dưỡng Quốc gia,8066,2026-02-11T19:12:20Z
food_8069,food,v1,8069,Thịt cua,,Thủy sản và sản phẩm chế biến,Thủy sản và sản phẩm chế biến,100,per_100g,103.0,17.5,7.0,0.6,,103.4,0.39,0.86,7,General,Viện Dinh dưỡng Quốc gia,8069,2026-02-11T19:12:20Z
food_8070002,food,v1,8070002,"Sò huyết, luộc","Blood cockle, boiled",Thủy sản và sản phẩm chế biến,Thủy sản và sản phẩm chế biến,100,per_100g,316.0,54.0,18.8,2.8,,316.4,0.13,0.84,8,General,Viện Dinh dưỡng Quốc gia,8070002,2026-02-11T19:12:20Z
food_8074002,food,v1,8074002,"Ốc móng tay, luộc","Snail, Razor shells, boiled",Thủy sản và sản phẩm chế biến,Thủy sản và sản phẩm chế biến,100,per_100g,123.0,15.89,2.05,5.65,,122.61,0.32,0.84,8,General,Viện Dinh dưỡng Quốc gia,8074002,2026-02-11T19:12:20Z
food_8074014,food,v1,8074014,"Ốc móng tay, nướng","Snail, Razor shells, grilled",Thủy sản và sản phẩm chế biến,Thủy sản và sản phẩm chế biến,100,per_100g,123.0,15.89,2.05,5.65,,122.61,0.32,0.84,8,General,Viện Dinh dưỡng Quốc gia,8074014,2026-02-11T19:12:20Z
food_8075002,food,v1,8075002,"Ốc hương, luộc","Snail, Babylonia tesselata, boiled",Thủy sản và sản phẩm chế biến,Thủy sản và sản phẩm chế biến,100,per_100g,94.0,22.4,2.4,2.7,,123.5,31.38,0.69,8,General,Viện Dinh dưỡng Quốc gia,8075002,2026-02-11T19:12:23Z
food_8075003,food,v1,8075003,"Ốc hương, hấp","Snail, Babylonia tesselata, steamed",Thủy sản và sản phẩm chế biến,Thủy sản và sản phẩm chế biến,100,per_100g,94.0,22.4,2.4,2.7,,123.5,31.38,0.69,8,General,Viện Dinh dưỡng Quốc gia,8075003,2026-02-11T19:12:23Z
food_8075014,food,v1,8075014,"Ốc hương, nướng","Snail, Babylonia tesselata, grilled",Thủy sản và sản phẩm chế biến,Thủy sản và sản phẩm chế biến,100,per_100g,94.0,22.4,2.4,2.7,,123.5,31.38,0.69,8,General,Viện Dinh dưỡng Quốc gia,8075014,2026-02-11T19:12:23Z
food_8076003,food,v1,8076003,"Ốc len, hấp","Snail, Obtuse Horn Shell, steamed",Thủy sản và sản phẩm chế biến,Thủy sản và sản phẩm chế biến,100,per_100g,94.0,22.4,2.4,2.7,,123.5,31.38,0.69,8,General,Viện Dinh dưỡng Quốc gia,8076003,2026-02-11T19:12:23Z
food_8076014,food,v1,8076014,"Ốc len, nướng","Snail, Obtuse Horn Shell, grilled",Thủy sản và sản phẩm chế biến,Thủy sản và sản phẩm chế biến,100,per_100g,94.0,22.4,2.4,2.7,,123.5,31.38,0.69,8,General,Viện Dinh dưỡng Quốc gia,8076014,2026-02-11T19:12:23Z
food_8079002,food,v1,8079002,"Sò dương, luộc","Scallop, Vasticardium flavum, boiled",Thủy sản và sản phẩm chế biến,Thủy sản và sản phẩm chế biến,100,per_100g,261.0,48.24,12.72,1.96,,261.48,0.18,0.86,7,General,Viện Dinh dưỡng Quốc gia,8079002,2026-02-11T19:12:23Z
food_8079003,food,v1,8079003,"Sò dương, hấp","Scallop, Vasticardium flavum, steamed",Thủy sản và sản phẩm chế biến,Thủy sản và sản phẩm chế biến,100,per_100g,261.0,48.24,12.72,1.96,,261.48,0.18,0.86,7,General,Viện Dinh dưỡng Quốc gia,8079003,2026-02-11T19:12:23Z
food_8079014,food,v1,8079014,"Sò dương, nướng","Scallop, Vasticardium flavum, grilled",Thủy sản và sản phẩm chế biến,Thủy sản và sản phẩm chế biến,100,per_100g,261.0,48.24,12.72,1.96,,261.48,0.18,0.86,7,General,Viện Dinh dưỡng Quốc gia,8079014,2026-02-11T19:12:23Z
food_8080002,food,v1,8080002,"Sò điệp, luộc","Scallop, Noble scallop, boiled",Thủy sản và sản phẩm chế biến,Thủy sản và sản phẩm chế biến,100,per_100g,69.0,12.1,3.18,0.49,,65.53,5.03,0.84,8,General,Viện Dinh dưỡng Quốc gia,8080002,2026-02-11T19:12:23Z
food_8080003,food,v1,8080003,"Sò điệp, hấp","Scallop, Noble scallop, steamed",Thủy sản và sản phẩm chế biến,Thủy sản và sản phẩm chế biến,100,per_100g,69.0,12.1,3.18,0.49,,65.53,5.03,0.84,8,General,Viện Dinh dưỡng Quốc gia,8080003,2026-02-11T19:12:23Z
food_8080014,food,v1,8080014,"Sò điệp, nướng","Scallop, Noble scallop, grilled",Thủy sản và sản phẩm chế biến,Thủy sản và sản phẩm chế biến,100,per_100g,69.0,12.1,3.18,0.49,,65.53,5.03,0.84,8,General,Viện Dinh dưỡng Quốc gia,8080014,2026-02-11T19:12:23Z
food_8081003,food,v1,8081003,"Sò lông, hấp","Scallop, ark clam, steamed",Thủy sản và sản phẩm chế biến,Thủy sản và sản phẩm chế biến,100,per_100g,316.0,54.0,18.8,2.8,,316.4,0.13,0.84,8,General,Viện Dinh dưỡng Quốc gia,8081003,2026-02-11T19:12:23Z
food_8081014,food,v1,8081014,"Sò lông, nướng","Scallop, ark clam, grilled",Thủy sản và sản phẩm chế biến,Thủy sản và sản phẩm chế biến,100,per_100g,316.0,54.0,18.8,2.8,,316.4,0.13,0.84,8,General,Viện Dinh dưỡng Quốc gia,8081014,2026-02-11T19:12:23Z
food_8092,food,v1,8092,"Cá basa, tươi",,Thủy sản và sản phẩm chế biến,Thủy sản và sản phẩm chế biến,100,per_100g,119.0,15.2,,5.94,,114.26,3.98,0.71,7,General,Viện Dinh dưỡng Quốc gia,8092,2026-02-11T19:12:23Z
food_8093,food,v1,8093,Tôm tít (bề bề),,Thủy sản và sản phẩm chế biến,Thủy sản và sản phẩm chế biến,100,per_100g,82.0,17.6,0.9,0.9,,82.1,0.12,0.84,8,General,Viện Dinh dưỡng Quốc gia,8093,2026-02-11T19:12:23Z
food_8094,food,v1,8094,Tu hài,,Thủy sản và sản phẩm chế biến,Thủy sản và sản phẩm chế biến,100,per_100g,42.0,5.37,4.03,0.44,,41.56,1.05,0.84,8,General,Viện Dinh dưỡng Quốc gia,8094,2026-02-11T19:12:25Z
food_9001,food,v1,9001,Trứng gà ta,"Hen egg (Raw, whole)",Trứng và sản phẩm chế biến,Trứng và sản phẩm chế biến,100,per_100g,150.0,12.96,1.25,10.33,,149.81,0.13,0.84,8,General,Viện Dinh dưỡng Quốc gia,9001,2026-02-11T19:12:25Z
food_9002,food,v1,9002,Lòng đỏ trứng gà,"Hen egg, yolk",Trứng và sản phẩm chế biến,Trứng và sản phẩm chế biến,100,per_100g,327.0,13.6,1.0,29.8,,326.6,0.12,0.84,8,General,Viện Dinh dưỡng Quốc gia,9002,2026-02-11T19:12:25Z
food_9003,food,v1,9003,Lòng trắng trứng gà,"Hen egg, white",Trứng và sản phẩm chế biến,Trứng và sản phẩm chế biến,100,per_100g,46.0,10.3,1.0,0.1,,46.1,0.22,0.84,8,General,Viện Dinh dưỡng Quốc gia,9003,2026-02-11T19:12:25Z
food_9004,food,v1,9004,Trứng vịt,Duck egg,Trứng và sản phẩm chế biến,Trứng và sản phẩm chế biến,100,per_100g,172.0,13.02,2.94,12.02,,172.02,0.01,0.84,8,General,Viện Dinh dưỡng Quốc gia,9004,2026-02-11T19:12:25Z
food_9005,food,v1,9005,Lòng đỏ trứng vịt,"Duck egg, yolk",Trứng và sản phẩm chế biến,Trứng và sản phẩm chế biến,100,per_100g,364.0,13.6,4.8,32.3,,364.3,0.08,0.84,8,General,Viện Dinh dưỡng Quốc gia,9005,2026-02-11T19:12:25Z
food_9006,food,v1,9006,Lòng trắng trứng vịt,"Duck egg, white",Trứng và sản phẩm chế biến,Trứng và sản phẩm chế biến,100,per_100g,47.0,10.7,0.8,0.1,,46.9,0.21,0.84,8,General,Viện Dinh dưỡng Quốc gia,9006,2026-02-11T19:12:25Z
food_9007,food,v1,9007,Trứng chim cút,Quail egg,Trứng và sản phẩm chế biến,Trứng và sản phẩm chế biến,100,per_100g,157.0,12.78,2.89,10.47,,156.91,0.06,0.84,8,General,Viện Dinh dưỡng Quốc gia,9007,2026-02-11T19:12:25Z
food_9008,food,v1,9008,Trứng cá,Fish roe,Trứng và sản phẩm chế biến,Trứng và sản phẩm chế biến,100,per_100g,171.0,20.5,,9.9,,171.1,0.06,0.69,8,General,Viện Dinh dưỡng Quốc gia,9008,2026-02-11T19:12:25Z
food_9009,food,v1,9009,Trứng cá muối,"Fish caviar, black and red, granule",Trứng và sản phẩm chế biến,Trứng và sản phẩm chế biến,100,per_100g,274.0,24.6,3.5,17.9,,273.5,0.18,0.84,8,General,Viện Dinh dưỡng Quốc gia,9009,2026-02-11T19:12:25Z
food_9010,food,v1,9010,Trứng vịt lộn,Duck embryonated egg,Trứng và sản phẩm chế biến,Trứng và sản phẩm chế biến,100,per_100g,182.0,13.6,4.0,12.4,,182.0,0.0,0.84,8,General,Viện Dinh dưỡng Quốc gia,9010,2026-02-11T19:12:25Z
food_9011,food,v1,9011,Bột trứng,Egg powder,Trứng và sản phẩm chế biến,Trứng và sản phẩm chế biến,100,per_100g,563.0,44.0,1.8,42.2,,563.0,0.0,0.84,8,General,Viện Dinh dưỡng Quốc gia,9011,2026-02-11T19:12:25Z
food_9012,food,v1,9012,Trứng gà công nghiệp,,Trứng và sản phẩm chế biến,Trứng và sản phẩm chế biến,100,per_100g,132.0,12.79,1.89,8.17,,132.25,0.19,0.84,8,General,Viện Dinh dưỡng Quốc gia,9012,2026-02-11T19:12:25Z
